order_id,order_date,region,channel,category,customer_segment,quantity,unit_price,discount,revenue,cost,profit,returned,delivery_days
ORD-00001,2025-11-24,Centro,Store,Elettronica,Privati,1,386.97,0.1,348.27,227.66,120.61,0,2
ORD-00002,2025-09-16,Sud,Store,Moda,Professionisti,1,68.31,0,68.31,38.92,29.39,1,1
ORD-00003,2025-03-23,Centro,Online,Moda,PMI,1,28.39,0,28.39,15.28,13.11,0,4
ORD-00004,2025-08-24,Nord,Partner,Sport,Studenti,3,127.06,0,381.18,242.25,138.93,0,5
ORD-00005,2025-01-24,Isole,Store,Moda,Professionisti,3,60.57,0.05,172.62,96.26,76.36,0,1
ORD-00006,2025-05-17,Centro,Store,Moda,Studenti,2,49.96,0.05,94.92,51.22,43.7,0,2
ORD-00007,2025-11-24,Centro,Online,Moda,Professionisti,1,129.85,0,129.85,70.27,59.58,1,5
ORD-00008,2025-06-11,Isole,Online,Elettronica,Professionisti,1,126.03,0.15,107.13,74.52,32.61,0,3
ORD-00009,2025-10-27,Nord,Store,Sport,PMI,1,106.43,0,106.43,70.07,36.36,0,2
ORD-00010,2025-11-02,Isole,Online,Elettronica,Studenti,5,437.28,0,2186.4,1543.9,642.5,0,5
ORD-00011,2025-10-02,Nord,Store,Moda,Privati,1,18.36,0.15,15.61,8.97,6.64,0,1
ORD-00012,2025-02-24,Nord,Online,Beauty,Studenti,1,75.29,0.1,67.76,36.39,31.37,0,4
ORD-00013,2025-01-01,Centro,Online,Sport,Privati,5,158.12,0,790.6,469.35,321.25,0,4
ORD-00014,2025-09-06,Nord,Partner,Moda,Privati,2,124.05,0,248.1,131.89,116.21,0,4
ORD-00015,2025-08-05,Sud,Partner,Beauty,Professionisti,2,45.12,0.15,76.7,39.67,37.03,0,4
ORD-00016,2025-04-26,Nord,Online,Elettronica,Studenti,1,316.28,0,316.28,210.72,105.56,0,4
ORD-00017,2025-06-19,Sud,Online,Elettronica,Privati,1,436.82,0.1,393.14,273.99,119.15,0,3
ORD-00018,2025-02-18,Nord,Online,Elettronica,Studenti,2,304.04,0.15,516.87,338.39,178.48,0,4
ORD-00019,2025-06-23,Centro,Online,Moda,Studenti,1,42.41,0.05,40.29,21.38,18.91,0,2
ORD-00020,2025-10-09,Nord,Store,Elettronica,Privati,1,332.52,0,332.52,219.7,112.82,0,2
ORD-00021,2025-04-20,Centro,Partner,Beauty,Privati,1,88.9,0.05,84.45,41.68,42.77,0,4
ORD-00022,2025-12-05,Centro,Online,Moda,PMI,2,92.9,0.15,157.93,84.49,73.44,1,2
ORD-00023,2025-09-02,Centro,Partner,Sport,PMI,1,55.66,0.1,50.09,29.78,20.31,0,2
ORD-00024,2025-10-19,Nord,Store,Casa,Privati,2,93.19,0,186.38,105.57,80.81,0,3
ORD-00025,2025-05-03,Sud,Online,Casa,Privati,4,166.1,0,664.4,389.04,275.36,0,4
ORD-00026,2025-04-20,Nord,Online,Sport,Privati,1,72.02,0.05,68.42,44.9,23.52,0,4
ORD-00027,2025-11-10,Nord,Store,Beauty,Professionisti,2,105.42,0,210.84,113.02,97.82,0,2
ORD-00028,2025-10-11,Centro,Online,Elettronica,Privati,2,367.78,0.1,662.0,456.24,205.76,0,4
ORD-00029,2025-01-27,Centro,Online,Elettronica,Privati,2,291.18,0,582.36,384.52,197.84,0,3
ORD-00030,2025-02-27,Isole,Partner,Elettronica,Studenti,3,271.79,0,815.37,557.71,257.66,1,3
ORD-00031,2025-07-06,Sud,Store,Beauty,PMI,1,32.71,0,32.71,16.29,16.42,0,3
ORD-00032,2025-03-21,Centro,Online,Beauty,Professionisti,1,46.22,0,46.22,24.17,22.05,0,2
ORD-00033,2025-07-30,Sud,Partner,Moda,Privati,3,30.11,0,90.33,51.78,38.55,0,5
ORD-00034,2025-06-06,Centro,Partner,Moda,Professionisti,1,54.12,0,54.12,31.44,22.68,0,3
ORD-00035,2025-11-25,Sud,Store,Sport,Privati,1,200.26,0,200.26,120.84,79.42,0,1
ORD-00036,2025-08-11,Nord,Store,Casa,PMI,1,145.93,0,145.93,83.21,62.72,0,2
ORD-00037,2025-01-01,Sud,Store,Sport,PMI,2,57.51,0.05,109.27,64.98,44.29,0,1
ORD-00038,2025-03-05,Centro,Online,Moda,Privati,1,51.11,0,51.11,26.91,24.2,0,5
ORD-00039,2025-07-14,Nord,Partner,Moda,Privati,2,18.05,0,36.1,19.05,17.05,0,4
ORD-00040,2025-08-15,Nord,Online,Sport,PMI,3,53.0,0,159.0,97.29,61.71,0,3
ORD-00041,2025-11-14,Sud,Store,Casa,Professionisti,1,56.5,0,56.5,31.33,25.17,0,1
ORD-00042,2025-08-22,Centro,Store,Casa,Professionisti,1,54.16,0.15,46.04,27.76,18.28,0,1
ORD-00043,2025-02-24,Sud,Online,Moda,Professionisti,1,80.43,0,80.43,43.84,36.59,0,2
ORD-00044,2025-11-01,Nord,Store,Casa,Professionisti,3,94.1,0.1,254.07,148.53,105.54,0,1
ORD-00045,2025-09-01,Sud,Store,Sport,Privati,2,104.96,0,209.92,128.29,81.63,0,1
ORD-00046,2025-06-13,Centro,Online,Beauty,Privati,1,32.73,0.05,31.09,15.59,15.5,0,5
ORD-00047,2025-08-01,Nord,Partner,Elettronica,Professionisti,4,71.93,0.1,258.95,175.99,82.96,1,4
ORD-00048,2025-08-03,Sud,Store,Sport,PMI,1,70.03,0.05,66.53,39.34,27.19,0,3
ORD-00049,2025-12-14,Sud,Store,Moda,PMI,5,91.83,0.05,436.19,241.89,194.3,0,2
ORD-00050,2025-08-25,Centro,Online,Elettronica,Privati,1,377.27,0,377.27,268.8,108.47,0,4
ORD-00051,2025-05-10,Sud,Online,Moda,Privati,4,47.42,0,189.68,107.71,81.97,0,4
ORD-00052,2025-04-13,Centro,Store,Moda,Studenti,1,124.15,0.05,117.94,66.29,51.65,0,1
ORD-00053,2025-03-27,Sud,Partner,Moda,Professionisti,1,52.84,0.1,47.56,24.48,23.08,0,3
ORD-00054,2025-07-23,Nord,Online,Beauty,Professionisti,1,69.87,0,69.87,37.05,32.82,0,1
ORD-00055,2025-03-03,Centro,Store,Moda,Studenti,2,25.72,0.15,43.72,23.48,20.24,0,1
ORD-00056,2025-07-05,Sud,Store,Moda,Privati,2,126.13,0,252.26,140.32,111.94,0,1
ORD-00057,2025-09-05,Nord,Store,Sport,Privati,1,179.21,0,179.21,118.29,60.92,0,1
ORD-00058,2025-07-14,Centro,Online,Casa,Studenti,1,56.17,0,56.17,34.68,21.49,0,4
ORD-00059,2025-05-22,Centro,Online,Sport,Privati,1,128.26,0,128.26,82.68,45.58,0,2
ORD-00060,2025-02-17,Centro,Online,Casa,Professionisti,1,97.49,0,97.49,56.84,40.65,0,4
ORD-00061,2025-06-19,Centro,Online,Casa,Privati,2,70.59,0.15,120.0,70.97,49.03,0,4
ORD-00062,2025-09-05,Sud,Store,Casa,Studenti,5,136.57,0,682.85,387.96,294.89,0,2
ORD-00063,2025-01-08,Centro,Online,Moda,Privati,1,123.74,0.15,105.18,60.37,44.81,0,5
ORD-00064,2025-08-29,Isole,Online,Sport,Privati,3,43.82,0,131.46,81.68,49.78,0,3
ORD-00065,2025-11-19,Sud,Online,Moda,PMI,1,54.04,0.1,48.64,27.56,21.08,0,4
ORD-00066,2025-09-25,Centro,Partner,Casa,Studenti,1,99.61,0,99.61,59.46,40.15,0,4
ORD-00067,2025-04-17,Centro,Online,Moda,Privati,2,35.53,0.05,67.51,36.77,30.74,0,4
ORD-00068,2025-12-28,Centro,Partner,Casa,Privati,1,154.31,0.1,138.88,83.45,55.43,0,5
ORD-00069,2025-08-06,Centro,Online,Elettronica,Privati,1,86.17,0,86.17,60.2,25.97,0,5
ORD-00070,2025-08-28,Isole,Store,Moda,Studenti,1,27.01,0,27.01,15.54,11.47,0,1
ORD-00071,2025-11-06,Isole,Online,Casa,Professionisti,2,180.67,0.15,307.14,188.26,118.88,0,4
ORD-00072,2025-09-23,Centro,Partner,Moda,Studenti,2,73.07,0,146.14,79.79,66.35,0,4
ORD-00073,2025-06-14,Centro,Partner,Moda,Professionisti,1,136.25,0.1,122.62,63.22,59.4,0,5
ORD-00074,2025-07-26,Centro,Store,Beauty,Professionisti,1,16.5,0.1,14.85,7.4,7.45,0,2
ORD-00075,2025-11-17,Centro,Online,Sport,Privati,1,201.0,0.05,190.95,114.34,76.61,0,3
ORD-00076,2025-03-23,Nord,Online,Casa,Privati,3,35.88,0,107.64,64.57,43.07,0,3
ORD-00077,2025-05-30,Sud,Online,Sport,PMI,1,127.55,0.05,121.17,73.23,47.94,0,4
ORD-00078,2025-02-05,Nord,Store,Casa,PMI,2,134.88,0,269.76,163.41,106.35,0,1
ORD-00079,2025-10-24,Centro,Online,Beauty,Studenti,1,57.81,0.1,52.03,25.99,26.04,0,6
ORD-00080,2025-05-03,Sud,Online,Sport,Privati,2,155.5,0.05,295.45,183.21,112.24,0,2
ORD-00081,2025-11-30,Centro,Online,Beauty,Studenti,2,99.34,0.05,188.75,90.88,97.87,0,4
ORD-00082,2025-12-02,Sud,Online,Beauty,Privati,2,53.09,0,106.18,56.31,49.87,0,4
ORD-00083,2025-10-01,Sud,Online,Casa,Professionisti,3,25.03,0,75.09,42.7,32.39,0,4
ORD-00084,2025-02-16,Nord,Online,Sport,Professionisti,1,139.51,0,139.51,82.69,56.82,0,5
ORD-00085,2025-05-31,Centro,Online,Casa,Privati,2,49.73,0,99.46,55.39,44.07,0,3
ORD-00086,2025-10-26,Centro,Online,Elettronica,Privati,1,350.64,0,350.64,247.52,103.12,0,3
ORD-00087,2025-08-15,Centro,Partner,Beauty,PMI,2,49.92,0,99.84,48.72,51.12,0,4
ORD-00088,2025-10-20,Sud,Online,Casa,Privati,3,75.41,0,226.23,134.31,91.92,0,4
ORD-00089,2025-01-26,Sud,Store,Beauty,PMI,2,31.1,0,62.2,30.43,31.77,0,1
ORD-00090,2025-12-04,Centro,Online,Moda,Studenti,1,125.46,0,125.46,69.47,55.99,0,6
ORD-00091,2025-02-16,Nord,Online,Beauty,Privati,3,84.75,0,254.25,129.54,124.71,0,4
ORD-00092,2025-09-04,Sud,Online,Beauty,Professionisti,1,18.25,0,18.25,9.69,8.56,0,3
ORD-00093,2025-07-23,Nord,Store,Beauty,Professionisti,1,56.54,0.05,53.71,26.8,26.91,0,1
ORD-00094,2025-11-23,Centro,Online,Beauty,Privati,3,69.14,0.1,186.68,91.36,95.32,1,5
ORD-00095,2025-08-26,Nord,Online,Beauty,Privati,4,37.26,0.05,141.59,68.32,73.27,0,3
ORD-00096,2025-07-09,Isole,Store,Moda,Privati,2,35.31,0.05,67.09,37.5,29.59,0,1
ORD-00097,2025-11-12,Centro,Partner,Casa,Privati,1,180.63,0,180.63,100.88,79.75,0,2
ORD-00098,2025-07-03,Isole,Online,Elettronica,PMI,3,97.54,0,292.62,205.63,86.99,0,3
ORD-00099,2025-01-11,Isole,Online,Elettronica,Professionisti,1,359.59,0.1,323.63,214.99,108.64,0,4
ORD-00100,2025-03-17,Centro,Store,Moda,PMI,5,78.5,0,392.5,204.38,188.12,0,1
ORD-00101,2025-03-09,Centro,Store,Elettronica,Privati,1,83.6,0.15,71.06,48.55,22.51,0,2
ORD-00102,2025-07-05,Nord,Online,Sport,PMI,1,154.23,0.15,131.1,82.73,48.37,0,4
ORD-00103,2025-01-16,Nord,Online,Elettronica,Professionisti,1,387.94,0,387.94,281.45,106.49,0,4
ORD-00104,2025-11-16,Centro,Store,Moda,PMI,2,81.2,0.1,146.16,79.39,66.77,0,2
ORD-00105,2025-02-28,Sud,Store,Beauty,Professionisti,1,49.48,0,49.48,24.83,24.65,0,1
ORD-00106,2025-06-10,Nord,Store,Sport,Privati,4,39.68,0,158.72,94.68,64.04,0,2
ORD-00107,2025-07-10,Nord,Store,Moda,Studenti,1,31.69,0,31.69,18.2,13.49,0,1
ORD-00108,2025-01-27,Nord,Store,Beauty,Studenti,1,66.51,0,66.51,35.26,31.25,0,2
ORD-00109,2025-10-12,Nord,Store,Casa,Professionisti,3,156.44,0.1,422.39,252.28,170.11,0,4
ORD-00110,2025-12-22,Sud,Online,Casa,Privati,1,24.61,0,24.61,14.61,10.0,0,4
ORD-00111,2025-03-14,Centro,Partner,Moda,Studenti,1,68.81,0,68.81,37.09,31.72,0,5
ORD-00112,2025-02-13,Sud,Online,Beauty,Privati,1,48.78,0.05,46.34,23.47,22.87,0,2
ORD-00113,2025-05-20,Nord,Online,Elettronica,Privati,2,303.12,0.1,545.62,384.65,160.97,1,3
ORD-00114,2025-01-04,Sud,Partner,Elettronica,Professionisti,1,107.59,0.05,102.21,72.78,29.43,0,6
ORD-00115,2025-07-14,Nord,Online,Sport,Professionisti,1,90.52,0.15,76.94,45.58,31.36,1,6
ORD-00116,2025-10-22,Sud,Online,Sport,Privati,1,184.42,0,184.42,120.53,63.89,0,3
ORD-00117,2025-12-20,Sud,Online,Beauty,Privati,2,65.48,0.05,124.41,66.13,58.28,0,4
ORD-00118,2025-02-09,Nord,Online,Sport,PMI,1,145.02,0.15,123.27,80.7,42.57,0,6
ORD-00119,2025-03-16,Centro,Online,Casa,Professionisti,1,153.18,0.15,130.2,76.59,53.61,0,4
ORD-00120,2025-10-17,Centro,Partner,Moda,PMI,1,67.25,0.05,63.89,34.76,29.13,0,3
ORD-00121,2025-05-21,Centro,Online,Sport,Studenti,1,94.43,0,94.43,56.2,38.23,0,5
ORD-00122,2025-09-17,Isole,Store,Casa,Professionisti,1,147.27,0.1,132.54,79.54,53.0,0,1
ORD-00123,2025-09-01,Nord,Partner,Sport,Professionisti,3,187.09,0,561.27,353.41,207.86,0,5
ORD-00124,2025-08-13,Nord,Store,Sport,PMI,1,152.79,0.15,129.87,82.75,47.12,0,2
ORD-00125,2025-11-28,Nord,Online,Casa,Privati,1,164.28,0.1,147.85,91.2,56.65,0,3
ORD-00126,2025-06-29,Sud,Store,Casa,Privati,2,35.05,0.1,63.09,36.55,26.54,0,1
ORD-00127,2025-03-07,Sud,Store,Moda,Professionisti,2,90.35,0.05,171.66,94.19,77.47,1,1
ORD-00128,2025-06-24,Centro,Online,Beauty,Privati,1,90.3,0,90.3,45.87,44.43,0,6
ORD-00129,2025-09-27,Sud,Online,Elettronica,Privati,1,122.6,0.15,104.21,74.42,29.79,0,4
ORD-00130,2025-07-30,Isole,Store,Casa,Studenti,2,129.73,0,259.46,153.41,106.05,0,2
ORD-00131,2025-08-29,Sud,Online,Beauty,Studenti,1,75.86,0.05,72.07,36.59,35.48,0,4
ORD-00132,2025-11-06,Sud,Online,Elettronica,Professionisti,2,119.67,0.1,215.41,155.36,60.05,0,4
ORD-00133,2025-03-24,Centro,Partner,Casa,Privati,4,51.09,0.05,194.14,119.92,74.22,0,4
ORD-00134,2025-07-11,Nord,Partner,Casa,Privati,4,137.48,0.15,467.43,269.37,198.06,0,5
ORD-00135,2025-01-20,Sud,Store,Casa,Privati,2,82.8,0,165.6,102.56,63.04,1,1
ORD-00136,2025-11-08,Centro,Online,Sport,Privati,1,111.24,0.1,100.12,62.66,37.46,0,4
ORD-00137,2025-09-13,Nord,Online,Sport,Privati,1,95.82,0.1,86.24,53.25,32.99,0,4
ORD-00138,2025-09-26,Nord,Online,Beauty,Studenti,5,57.99,0.05,275.45,146.48,128.97,1,5
ORD-00139,2025-07-18,Centro,Online,Beauty,Professionisti,1,72.83,0.15,61.91,29.82,32.09,0,4
ORD-00140,2025-06-30,Centro,Store,Sport,Professionisti,1,153.71,0.15,130.65,78.87,51.78,0,1
ORD-00141,2025-08-23,Sud,Online,Elettronica,PMI,1,175.08,0.05,166.33,121.99,44.34,0,4
ORD-00142,2025-04-08,Centro,Partner,Casa,Professionisti,1,131.91,0.05,125.31,77.45,47.86,0,6
ORD-00143,2025-07-17,Sud,Online,Casa,Privati,3,57.34,0,172.02,104.21,67.81,0,2
ORD-00144,2025-10-07,Centro,Online,Casa,Privati,1,120.47,0,120.47,72.64,47.83,0,3
ORD-00145,2025-01-22,Nord,Partner,Moda,Privati,2,106.65,0,213.3,110.55,102.75,0,3
ORD-00146,2025-12-14,Sud,Online,Elettronica,Professionisti,1,129.58,0,129.58,92.63,36.95,0,5
ORD-00147,2025-07-16,Centro,Online,Beauty,Privati,1,48.85,0,48.85,25.03,23.82,0,3
ORD-00148,2025-05-08,Centro,Online,Beauty,Studenti,4,23.95,0,95.8,49.89,45.91,0,5
ORD-00149,2025-11-10,Nord,Partner,Casa,Privati,3,98.28,0.15,250.61,146.5,104.11,0,4
ORD-00150,2025-06-13,Nord,Store,Moda,Privati,1,39.2,0.15,33.32,19.26,14.06,0,1
ORD-00151,2025-07-05,Centro,Online,Sport,Privati,3,29.34,0.1,79.22,50.31,28.91,0,4
ORD-00152,2025-02-14,Sud,Online,Elettronica,Studenti,1,210.35,0.1,189.31,123.53,65.78,0,4
ORD-00153,2025-11-25,Nord,Online,Elettronica,Privati,3,307.64,0.1,830.63,549.95,280.68,0,2
ORD-00154,2025-01-29,Centro,Online,Moda,Privati,4,43.25,0.1,155.7,89.66,66.04,0,5
ORD-00155,2025-05-09,Centro,Partner,Elettronica,Studenti,2,107.98,0.15,183.57,121.32,62.25,0,6
ORD-00156,2025-11-06,Centro,Partner,Casa,Professionisti,1,180.3,0.1,162.27,92.65,69.62,0,6
ORD-00157,2025-10-20,Nord,Store,Casa,Studenti,1,153.93,0.05,146.23,83.27,62.96,0,1
ORD-00158,2025-12-19,Nord,Online,Elettronica,Privati,2,207.64,0.15,352.99,238.0,114.99,0,4
ORD-00159,2025-06-26,Nord,Online,Beauty,Studenti,1,55.79,0,55.79,28.13,27.66,0,6
ORD-00160,2025-11-12,Isole,Partner,Casa,Professionisti,4,142.73,0,570.92,347.43,223.49,0,5
ORD-00161,2025-09-21,Nord,Partner,Sport,Privati,1,100.44,0,100.44,60.9,39.54,0,6
ORD-00162,2025-12-01,Centro,Online,Moda,Privati,1,56.19,0,56.19,31.84,24.35,0,4
ORD-00163,2025-07-25,Nord,Store,Elettronica,Privati,1,224.88,0.1,202.39,135.75,66.64,0,1
ORD-00164,2025-02-19,Centro,Store,Casa,PMI,2,47.87,0.1,86.17,50.09,36.08,1,1
ORD-00165,2025-01-20,Nord,Online,Elettronica,Privati,2,248.0,0,496.0,361.25,134.75,0,3
ORD-00166,2025-06-03,Nord,Online,Sport,Studenti,2,113.69,0,227.38,140.68,86.7,0,5
ORD-00167,2025-08-02,Sud,Store,Sport,Professionisti,1,103.31,0.15,87.81,57.26,30.55,0,1
ORD-00168,2025-10-26,Sud,Store,Sport,Professionisti,1,160.57,0,160.57,94.98,65.59,0,1
ORD-00169,2025-02-26,Nord,Online,Elettronica,Privati,1,243.15,0.1,218.84,159.18,59.66,0,4
ORD-00170,2025-03-12,Isole,Store,Sport,Studenti,1,182.85,0.05,173.71,115.09,58.62,0,1
ORD-00171,2025-07-01,Sud,Partner,Moda,Professionisti,1,72.23,0,72.23,38.47,33.76,0,8
ORD-00172,2025-05-28,Nord,Store,Moda,Studenti,2,134.93,0.15,229.38,122.08,107.3,0,1
ORD-00173,2025-12-13,Nord,Partner,Sport,Privati,2,58.02,0,116.04,71.04,45.0,0,4
ORD-00174,2025-05-12,Sud,Online,Moda,Privati,2,53.26,0,106.52,59.25,47.27,0,5
ORD-00175,2025-05-05,Centro,Partner,Elettronica,Privati,1,200.48,0.05,190.46,124.73,65.73,0,6
ORD-00176,2025-03-22,Sud,Partner,Casa,Studenti,1,154.95,0,154.95,88.71,66.24,0,5
ORD-00177,2025-02-15,Sud,Online,Moda,Professionisti,1,121.2,0.05,115.14,66.2,48.94,0,7
ORD-00178,2025-07-23,Sud,Online,Moda,Professionisti,1,22.2,0,22.2,12.27,9.93,0,2
ORD-00179,2025-06-21,Nord,Partner,Casa,Studenti,4,153.06,0.05,581.63,332.44,249.19,0,4
ORD-00180,2025-11-28,Sud,Online,Casa,Professionisti,2,148.7,0,297.4,177.57,119.83,0,5
ORD-00181,2025-07-27,Centro,Online,Moda,Professionisti,1,33.75,0,33.75,19.53,14.22,1,3
ORD-00182,2025-05-17,Sud,Online,Beauty,Privati,2,76.45,0,152.9,79.26,73.64,0,5
ORD-00183,2025-03-23,Isole,Online,Casa,Professionisti,1,36.44,0,36.44,21.09,15.35,0,5
ORD-00184,2025-08-21,Nord,Store,Moda,Studenti,1,78.2,0.15,66.47,37.95,28.52,0,1
ORD-00185,2025-12-15,Centro,Partner,Moda,Privati,2,31.56,0.1,56.81,29.59,27.22,0,5
ORD-00186,2025-10-02,Nord,Online,Elettronica,Privati,1,272.02,0,272.02,197.34,74.68,0,3
ORD-00187,2025-01-29,Nord,Online,Sport,Privati,1,158.14,0.15,134.42,79.41,55.01,0,5
ORD-00188,2025-02-07,Centro,Online,Elettronica,PMI,4,89.5,0.05,340.1,220.66,119.44,0,4
ORD-00189,2025-03-11,Sud,Partner,Moda,Privati,5,60.84,0.05,288.99,155.87,133.12,0,4
ORD-00190,2025-12-01,Isole,Online,Beauty,Privati,1,110.02,0,110.02,57.67,52.35,0,3
ORD-00191,2025-08-26,Nord,Store,Moda,Professionisti,1,56.77,0,56.77,29.87,26.9,0,1
ORD-00192,2025-12-05,Isole,Store,Casa,Privati,1,40.27,0,40.27,23.54,16.73,0,1
ORD-00193,2025-01-25,Nord,Online,Casa,Studenti,2,128.65,0,257.3,151.55,105.75,0,5
ORD-00194,2025-06-13,Sud,Store,Sport,Privati,3,206.4,0.1,557.28,338.17,219.11,0,1
ORD-00195,2025-02-01,Sud,Store,Sport,Privati,2,116.72,0,233.44,155.79,77.65,0,1
ORD-00196,2025-06-13,Centro,Online,Moda,Privati,2,49.49,0,98.98,52.87,46.11,0,2
ORD-00197,2025-08-26,Isole,Store,Beauty,Studenti,1,32.16,0,32.16,15.97,16.19,0,1
ORD-00198,2025-10-02,Centro,Online,Moda,Professionisti,2,115.85,0,231.7,131.95,99.75,0,4
ORD-00199,2025-12-10,Sud,Online,Sport,Privati,4,32.49,0,129.96,86.62,43.34,0,5
ORD-00200,2025-05-05,Nord,Store,Moda,Privati,1,54.67,0.05,51.94,28.59,23.35,0,1
ORD-00201,2025-05-14,Nord,Partner,Casa,Professionisti,2,139.29,0,278.58,172.7,105.88,0,3
ORD-00202,2025-04-24,Nord,Online,Moda,Studenti,2,51.06,0,102.12,54.75,47.37,0,5
ORD-00203,2025-05-06,Sud,Store,Sport,Privati,3,202.92,0.15,517.45,335.62,181.83,0,1
ORD-00204,2025-03-13,Isole,Online,Moda,Studenti,2,24.58,0,49.16,28.11,21.05,1,3
ORD-00205,2025-12-09,Centro,Online,Elettronica,Studenti,1,139.97,0,139.97,96.68,43.29,0,3
ORD-00206,2025-11-12,Centro,Store,Beauty,Studenti,1,15.8,0.15,13.43,6.62,6.81,0,1
ORD-00207,2025-01-09,Nord,Store,Sport,PMI,1,176.48,0.1,158.83,95.46,63.37,0,1
ORD-00208,2025-05-17,Isole,Online,Moda,Privati,1,105.7,0,105.7,59.3,46.4,0,3
ORD-00209,2025-12-01,Centro,Store,Beauty,Privati,1,60.78,0.15,51.66,24.57,27.09,0,1
ORD-00210,2025-06-19,Centro,Partner,Sport,Studenti,1,65.87,0.15,55.99,36.98,19.01,0,5
ORD-00211,2025-01-24,Centro,Store,Beauty,Studenti,2,26.89,0,53.78,25.6,28.18,0,2
ORD-00212,2025-07-23,Nord,Online,Beauty,Studenti,3,68.19,0.1,184.11,91.42,92.69,0,5
ORD-00213,2025-03-13,Centro,Store,Moda,Professionisti,1,28.94,0,28.94,16.55,12.39,0,2
ORD-00214,2025-07-23,Nord,Online,Beauty,Professionisti,1,30.94,0.1,27.85,14.93,12.92,0,1
ORD-00215,2025-12-15,Sud,Online,Sport,Privati,1,43.81,0,43.81,26.35,17.46,0,3
ORD-00216,2025-06-12,Isole,Online,Casa,Privati,2,37.74,0,75.48,42.66,32.82,0,2
ORD-00217,2025-10-12,Centro,Online,Sport,Studenti,2,154.43,0.05,293.42,173.12,120.3,0,4
ORD-00218,2025-10-14,Nord,Partner,Beauty,Privati,1,23.52,0,23.52,11.58,11.94,0,3
ORD-00219,2025-03-27,Nord,Online,Sport,Privati,1,65.69,0.15,55.84,35.12,20.72,0,3
ORD-00220,2025-01-04,Nord,Online,Beauty,Professionisti,1,39.78,0.15,33.81,18.2,15.61,0,4
ORD-00221,2025-06-14,Nord,Store,Moda,Privati,1,59.12,0.15,50.25,28.23,22.02,0,1
ORD-00222,2025-07-12,Nord,Store,Casa,PMI,1,159.62,0,159.62,96.16,63.46,0,1
ORD-00223,2025-08-25,Sud,Online,Beauty,Professionisti,1,82.37,0.05,78.25,40.59,37.66,0,4
ORD-00224,2025-03-20,Centro,Store,Moda,PMI,1,62.89,0.1,56.6,32.71,23.89,0,2
ORD-00225,2025-08-03,Nord,Store,Sport,PMI,2,130.3,0,260.6,155.79,104.81,0,1
ORD-00226,2025-11-10,Sud,Partner,Elettronica,Privati,2,481.24,0.05,914.36,599.24,315.12,0,4
ORD-00227,2025-04-24,Nord,Online,Sport,Studenti,1,89.54,0.15,76.11,48.44,27.67,0,4
ORD-00228,2025-02-23,Centro,Partner,Casa,Professionisti,2,68.77,0,137.54,80.51,57.03,0,5
ORD-00229,2025-09-05,Sud,Online,Casa,Privati,1,26.26,0.15,22.32,12.49,9.83,0,3
ORD-00230,2025-03-26,Nord,Store,Beauty,Studenti,1,47.39,0.05,45.02,22.06,22.96,0,1
ORD-00231,2025-04-05,Nord,Store,Elettronica,Professionisti,3,224.6,0.05,640.11,435.51,204.6,0,2
ORD-00232,2025-02-02,Nord,Store,Sport,Privati,1,43.8,0.15,37.23,24.52,12.71,0,3
ORD-00233,2025-11-24,Nord,Online,Casa,Privati,1,99.24,0,99.24,60.77,38.47,0,3
ORD-00234,2025-02-13,Centro,Online,Moda,Privati,1,33.83,0.05,32.14,17.43,14.71,0,5
ORD-00235,2025-07-16,Nord,Online,Sport,PMI,4,53.58,0,214.32,134.69,79.63,0,3
ORD-00236,2025-01-28,Nord,Partner,Beauty,Privati,1,58.61,0.15,49.82,25.27,24.55,0,6
ORD-00237,2025-08-01,Centro,Online,Moda,Studenti,3,42.7,0,128.1,68.19,59.91,0,4
ORD-00238,2025-09-11,Centro,Online,Sport,Professionisti,3,85.53,0,256.59,166.85,89.74,0,5
ORD-00239,2025-04-22,Sud,Online,Beauty,Professionisti,1,94.94,0.05,90.19,44.38,45.81,0,6
ORD-00240,2025-03-02,Sud,Online,Moda,Studenti,1,97.6,0.15,82.96,45.05,37.91,0,5
ORD-00241,2025-04-16,Nord,Store,Moda,Studenti,2,36.86,0.15,62.66,33.43,29.23,0,2
ORD-00242,2025-12-14,Sud,Online,Moda,Privati,1,57.89,0.15,49.21,25.68,23.53,0,3
ORD-00243,2025-05-08,Centro,Online,Elettronica,Professionisti,1,127.02,0.15,107.97,72.31,35.66,0,2
ORD-00244,2025-02-17,Sud,Store,Casa,Professionisti,1,88.33,0.1,79.5,43.82,35.68,0,2
ORD-00245,2025-02-17,Sud,Online,Moda,Privati,1,77.86,0,77.86,45.23,32.63,0,3
ORD-00246,2025-05-26,Nord,Store,Casa,Studenti,1,127.11,0,127.11,70.48,56.63,0,1
ORD-00247,2025-08-24,Centro,Partner,Elettronica,Privati,5,216.87,0.15,921.7,669.52,252.18,0,4
ORD-00248,2025-05-21,Centro,Online,Elettronica,Professionisti,2,91.72,0.15,155.92,104.94,50.98,0,6
ORD-00249,2025-04-30,Centro,Online,Sport,Privati,1,122.96,0.1,110.66,71.24,39.42,1,3
ORD-00250,2025-08-05,Centro,Online,Moda,Privati,3,29.56,0,88.68,50.98,37.7,0,2
ORD-00251,2025-03-10,Centro,Store,Moda,Studenti,2,36.38,0,72.76,41.02,31.74,0,2
ORD-00252,2025-12-18,Isole,Online,Sport,Privati,1,171.63,0,171.63,114.42,57.21,0,5
ORD-00253,2025-03-13,Centro,Store,Casa,Studenti,2,59.89,0.15,101.81,56.3,45.51,0,2
ORD-00254,2025-11-07,Centro,Store,Sport,Privati,3,215.37,0.05,613.8,380.62,233.18,0,1
ORD-00255,2025-11-23,Isole,Store,Sport,PMI,4,55.2,0.1,198.72,123.79,74.93,0,2
ORD-00256,2025-02-07,Centro,Online,Elettronica,Privati,1,345.2,0.1,310.68,208.57,102.11,0,5
ORD-00257,2025-08-01,Sud,Online,Sport,Studenti,1,38.79,0,38.79,24.45,14.34,0,4
ORD-00258,2025-07-20,Sud,Store,Sport,Professionisti,1,97.19,0,97.19,57.7,39.49,0,1
ORD-00259,2025-08-11,Centro,Store,Elettronica,Professionisti,2,127.35,0,254.7,180.47,74.23,0,3
ORD-00260,2025-09-25,Centro,Store,Sport,Privati,2,169.12,0.15,287.5,189.88,97.62,0,4
ORD-00261,2025-01-16,Nord,Online,Casa,Privati,5,107.85,0.05,512.29,299.85,212.44,0,2
ORD-00262,2025-07-08,Isole,Store,Elettronica,Professionisti,1,327.98,0,327.98,213.15,114.83,0,1
ORD-00263,2025-05-06,Isole,Online,Elettronica,Privati,4,85.31,0.15,290.05,206.36,83.69,0,3
ORD-00264,2025-06-13,Nord,Online,Casa,Studenti,3,49.62,0.1,133.97,83.73,50.24,0,5
ORD-00265,2025-02-05,Sud,Partner,Beauty,Privati,1,49.91,0,49.91,24.36,25.55,0,4
ORD-00266,2025-08-26,Isole,Partner,Casa,Professionisti,2,96.52,0,193.04,108.56,84.48,0,6
ORD-00267,2025-01-13,Sud,Online,Casa,Professionisti,4,20.2,0.15,68.68,39.79,28.89,0,4
ORD-00268,2025-05-02,Isole,Partner,Casa,Privati,1,28.76,0,28.76,17.79,10.97,0,5
ORD-00269,2025-12-25,Sud,Online,Beauty,Studenti,2,76.57,0.05,145.48,69.81,75.67,0,1
ORD-00270,2025-05-02,Isole,Partner,Casa,Privati,3,72.24,0.05,205.88,117.66,88.22,0,6
ORD-00271,2025-04-14,Centro,Store,Elettronica,Privati,1,176.48,0,176.48,122.37,54.11,0,1
ORD-00272,2025-05-16,Sud,Online,Beauty,Privati,2,68.28,0,136.56,72.29,64.27,0,5
ORD-00273,2025-02-16,Nord,Partner,Moda,Privati,1,109.85,0,109.85,56.59,53.26,0,3
ORD-00274,2025-05-08,Sud,Online,Elettronica,Privati,1,376.46,0,376.46,247.54,128.92,0,4
ORD-00275,2025-07-10,Centro,Partner,Moda,Studenti,4,26.4,0,105.6,55.64,49.96,0,5
ORD-00276,2025-06-19,Centro,Partner,Elettronica,PMI,1,354.39,0.05,336.67,218.37,118.3,0,4
ORD-00277,2025-03-30,Centro,Partner,Casa,Privati,1,105.97,0.1,95.37,54.32,41.05,0,3
ORD-00278,2025-02-01,Nord,Online,Elettronica,Professionisti,3,153.45,0.1,414.31,296.76,117.55,0,5
ORD-00279,2025-07-03,Nord,Store,Sport,Studenti,1,69.62,0,69.62,42.8,26.82,0,3
ORD-00280,2025-01-30,Nord,Online,Moda,Studenti,1,35.88,0,35.88,20.06,15.82,0,3
ORD-00281,2025-01-29,Nord,Partner,Moda,PMI,1,122.74,0,122.74,64.48,58.26,0,5
ORD-00282,2025-10-30,Isole,Store,Elettronica,Studenti,2,131.82,0.05,250.46,173.8,76.66,0,1
ORD-00283,2025-01-20,Centro,Online,Elettronica,Studenti,1,390.85,0,390.85,280.35,110.5,0,5
ORD-00284,2025-06-15,Sud,Online,Elettronica,Privati,1,277.02,0,277.02,202.48,74.54,0,6
ORD-00285,2025-12-06,Centro,Online,Casa,Privati,1,180.32,0.15,153.27,95.55,57.72,0,5
ORD-00286,2025-12-22,Nord,Store,Beauty,Professionisti,3,51.22,0.15,130.61,67.88,62.73,0,4
ORD-00287,2025-01-01,Nord,Partner,Beauty,PMI,4,14.69,0.1,52.88,26.21,26.67,0,3
ORD-00288,2025-02-23,Sud,Online,Beauty,Privati,5,25.93,0,129.65,68.51,61.14,0,3
ORD-00289,2025-06-21,Centro,Online,Sport,Privati,1,47.11,0,47.11,27.93,19.18,0,3
ORD-00290,2025-07-31,Nord,Online,Sport,Privati,1,167.57,0.15,142.43,92.6,49.83,0,4
ORD-00291,2025-08-20,Centro,Partner,Elettronica,Privati,4,91.34,0,365.36,264.7,100.66,0,7
ORD-00292,2025-02-17,Isole,Partner,Casa,Professionisti,1,111.51,0.1,100.36,62.03,38.33,0,6
ORD-00293,2025-02-21,Nord,Partner,Casa,Studenti,4,95.62,0.15,325.11,186.04,139.07,0,6
ORD-00294,2025-09-09,Nord,Online,Elettronica,Privati,2,278.08,0,556.16,364.05,192.11,0,4
ORD-00295,2025-11-23,Sud,Online,Casa,Privati,1,104.4,0.15,88.74,50.67,38.07,0,3
ORD-00296,2025-07-15,Centro,Online,Casa,Studenti,1,57.6,0,57.6,32.39,25.21,0,4
ORD-00297,2025-02-19,Nord,Online,Elettronica,PMI,2,261.53,0.05,496.91,356.95,139.96,0,2
ORD-00298,2025-09-01,Centro,Online,Sport,Privati,3,30.73,0.1,82.97,54.89,28.08,0,3
ORD-00299,2025-12-13,Isole,Online,Beauty,Privati,4,30.53,0,122.12,64.42,57.7,0,1
ORD-00300,2025-08-11,Centro,Store,Elettronica,Studenti,1,323.12,0,323.12,211.22,111.9,0,3
ORD-00301,2025-10-10,Nord,Online,Casa,Professionisti,3,107.23,0.1,289.52,176.59,112.93,0,5
ORD-00302,2025-10-26,Isole,Partner,Moda,Studenti,1,50.04,0.1,45.04,25.89,19.15,0,6
ORD-00303,2025-05-16,Nord,Online,Casa,Privati,1,44.15,0.1,39.73,23.93,15.8,0,2
ORD-00304,2025-12-20,Isole,Store,Casa,PMI,1,158.63,0,158.63,91.12,67.51,0,3
ORD-00305,2025-12-23,Centro,Partner,Moda,Privati,2,123.54,0,247.08,131.43,115.65,0,4
ORD-00306,2025-04-19,Nord,Online,Beauty,Studenti,1,16.67,0,16.67,7.99,8.68,0,3
ORD-00307,2025-07-26,Sud,Partner,Elettronica,Privati,1,360.69,0,360.69,240.96,119.73,0,6
ORD-00308,2025-05-21,Nord,Online,Casa,PMI,2,59.26,0.05,112.59,67.08,45.51,0,3
ORD-00309,2025-08-31,Centro,Online,Sport,PMI,2,138.66,0,277.32,163.96,113.36,1,5
ORD-00310,2025-04-20,Sud,Store,Beauty,Privati,1,13.66,0.15,11.61,5.52,6.09,0,1
ORD-00311,2025-11-28,Centro,Store,Elettronica,Studenti,4,375.27,0.15,1275.92,896.74,379.18,0,1
ORD-00312,2025-05-10,Nord,Online,Elettronica,Studenti,2,74.37,0.15,126.43,92.48,33.95,0,5
ORD-00313,2025-10-15,Centro,Store,Moda,Privati,1,128.7,0.15,109.39,58.61,50.78,0,1
ORD-00314,2025-11-30,Sud,Online,Casa,PMI,3,156.15,0.1,421.61,245.15,176.46,0,2
ORD-00315,2025-03-13,Isole,Store,Moda,Privati,1,61.49,0,61.49,34.06,27.43,0,2
ORD-00316,2025-04-24,Nord,Store,Moda,PMI,1,51.62,0,51.62,29.53,22.09,0,1
ORD-00317,2025-04-03,Sud,Online,Casa,Professionisti,2,147.77,0.15,251.21,155.46,95.75,0,4
ORD-00318,2025-06-07,Nord,Partner,Sport,Studenti,1,48.88,0,48.88,32.2,16.68,0,5
ORD-00319,2025-11-14,Nord,Partner,Elettronica,Professionisti,1,201.68,0,201.68,145.81,55.87,0,6
ORD-00320,2025-10-19,Centro,Partner,Beauty,Professionisti,1,18.71,0,18.71,9.65,9.06,0,5
ORD-00321,2025-11-21,Centro,Online,Elettronica,Professionisti,2,143.07,0,286.14,188.12,98.02,0,3
ORD-00322,2025-09-02,Centro,Online,Casa,Privati,1,65.11,0.1,58.6,33.13,25.47,0,4
ORD-00323,2025-11-17,Sud,Online,Moda,Privati,1,87.76,0,87.76,46.05,41.71,0,4
ORD-00324,2025-09-24,Isole,Online,Sport,PMI,1,173.73,0,173.73,112.83,60.9,0,5
ORD-00325,2025-07-26,Isole,Online,Elettronica,Privati,1,244.14,0,244.14,165.63,78.51,0,6
ORD-00326,2025-05-11,Nord,Store,Moda,Privati,1,122.81,0,122.81,68.95,53.86,0,2
ORD-00327,2025-07-14,Sud,Online,Elettronica,Privati,2,68.3,0.05,129.77,91.42,38.35,0,4
ORD-00328,2025-03-12,Nord,Partner,Casa,Studenti,1,129.87,0.05,123.38,69.83,53.55,0,6
ORD-00329,2025-05-15,Nord,Partner,Moda,Privati,1,87.33,0,87.33,49.02,38.31,0,5
ORD-00330,2025-02-15,Sud,Partner,Beauty,Privati,1,54.47,0.15,46.3,24.17,22.13,0,5
ORD-00331,2025-11-26,Centro,Partner,Casa,Studenti,1,52.46,0,52.46,32.28,20.18,0,4
ORD-00332,2025-03-01,Centro,Store,Elettronica,Professionisti,2,125.53,0,251.06,182.04,69.02,0,1
ORD-00333,2025-05-18,Sud,Online,Beauty,Privati,1,101.06,0,101.06,53.49,47.57,0,3
ORD-00334,2025-03-27,Centro,Store,Elettronica,PMI,1,212.69,0.1,191.42,131.82,59.6,0,1
ORD-00335,2025-08-13,Nord,Online,Elettronica,Privati,2,362.68,0,725.36,499.56,225.8,0,5
ORD-00336,2025-02-02,Sud,Online,Casa,Professionisti,2,100.73,0.1,181.31,102.96,78.35,0,3
ORD-00337,2025-06-23,Nord,Store,Sport,Privati,2,114.97,0.15,195.45,125.77,69.68,0,2
ORD-00338,2025-11-10,Centro,Store,Elettronica,Professionisti,3,440.9,0,1322.7,942.33,380.37,0,1
ORD-00339,2025-06-19,Centro,Online,Beauty,Professionisti,1,34.66,0.05,32.93,16.59,16.34,0,5
ORD-00340,2025-06-11,Sud,Online,Elettronica,Privati,1,289.06,0,289.06,207.84,81.22,0,4
ORD-00341,2025-11-13,Nord,Partner,Moda,Professionisti,1,66.29,0,66.29,37.81,28.48,0,4
ORD-00342,2025-11-04,Sud,Store,Sport,Privati,2,72.67,0,145.34,89.77,55.57,0,3
ORD-00343,2025-05-30,Centro,Online,Sport,PMI,1,176.66,0.15,150.16,97.18,52.98,0,3
ORD-00344,2025-07-21,Centro,Store,Elettronica,Privati,2,81.51,0.15,138.57,99.77,38.8,0,1
ORD-00345,2025-08-19,Nord,Store,Sport,PMI,1,146.48,0.1,131.83,87.59,44.24,0,1
ORD-00346,2025-04-01,Sud,Online,Moda,Privati,2,85.89,0,171.78,94.2,77.58,0,4
ORD-00347,2025-11-08,Centro,Store,Beauty,PMI,5,58.51,0,292.55,141.59,150.96,0,2
ORD-00348,2025-12-26,Sud,Online,Sport,Studenti,1,70.33,0.15,59.78,36.61,23.17,0,3
ORD-00349,2025-12-11,Isole,Store,Elettronica,Privati,2,343.49,0.15,583.93,383.18,200.75,0,1
ORD-00350,2025-12-08,Isole,Store,Moda,Studenti,3,77.06,0,231.18,127.08,104.1,1,1
ORD-00351,2025-03-16,Centro,Online,Elettronica,Professionisti,5,307.6,0,1538.0,1107.67,430.33,0,3
ORD-00352,2025-01-17,Nord,Online,Casa,Professionisti,2,51.4,0.15,87.38,51.84,35.54,0,6
ORD-00353,2025-12-23,Isole,Store,Casa,Privati,4,184.81,0,739.24,461.16,278.08,0,1
ORD-00354,2025-08-15,Sud,Partner,Moda,Professionisti,2,79.22,0.1,142.6,75.12,67.48,0,4
ORD-00355,2025-04-10,Sud,Online,Casa,Privati,1,91.94,0.05,87.34,48.39,38.95,0,4
ORD-00356,2025-05-11,Isole,Online,Elettronica,Privati,4,304.58,0.15,1035.57,725.33,310.24,0,4
ORD-00357,2025-09-09,Centro,Store,Moda,Professionisti,2,125.18,0.1,225.32,116.67,108.65,0,1
ORD-00358,2025-02-17,Sud,Partner,Casa,Privati,1,153.04,0.1,137.74,81.4,56.34,0,5
ORD-00359,2025-11-29,Nord,Store,Elettronica,PMI,2,336.89,0,673.78,475.92,197.86,0,3
ORD-00360,2025-07-17,Centro,Store,Casa,Studenti,2,92.0,0.1,165.6,96.81,68.79,1,1
ORD-00361,2025-11-30,Isole,Online,Elettronica,Privati,4,302.06,0,1208.24,847.48,360.76,0,3
ORD-00362,2025-12-17,Nord,Online,Sport,Professionisti,5,180.43,0.15,766.83,502.14,264.69,0,3
ORD-00363,2025-12-18,Centro,Online,Elettronica,Privati,1,409.4,0.1,368.46,240.32,128.14,0,5
ORD-00364,2025-08-19,Centro,Online,Moda,Professionisti,2,89.84,0.1,161.71,83.68,78.03,0,3
ORD-00365,2025-01-24,Isole,Online,Moda,Privati,3,51.75,0,155.25,82.71,72.54,0,2
ORD-00366,2025-01-16,Centro,Store,Sport,Privati,3,115.04,0.15,293.35,176.19,117.16,0,3
ORD-00367,2025-11-28,Nord,Partner,Casa,Studenti,1,24.43,0.1,21.99,12.77,9.22,0,5
ORD-00368,2025-06-26,Sud,Partner,Elettronica,Privati,1,312.39,0,312.39,207.17,105.22,0,5
ORD-00369,2025-10-18,Isole,Partner,Beauty,PMI,1,57.62,0,57.62,29.89,27.73,0,5
ORD-00370,2025-06-19,Centro,Store,Casa,Privati,1,51.8,0.05,49.21,28.79,20.42,0,3
ORD-00371,2025-06-06,Nord,Online,Moda,Professionisti,4,40.58,0,162.32,86.08,76.24,0,4
ORD-00372,2025-07-04,Sud,Store,Elettronica,Studenti,1,173.44,0.1,156.1,102.34,53.76,0,1
ORD-00373,2025-02-11,Centro,Partner,Moda,Studenti,1,117.27,0,117.27,66.15,51.12,0,6
ORD-00374,2025-10-25,Centro,Store,Sport,Privati,1,172.51,0.1,155.26,97.36,57.9,0,1
ORD-00375,2025-07-07,Nord,Partner,Casa,Professionisti,1,90.16,0,90.16,52.38,37.78,0,3
ORD-00376,2025-11-11,Centro,Store,Moda,Privati,2,96.02,0,192.04,108.44,83.6,0,1
ORD-00377,2025-07-03,Centro,Store,Elettronica,Privati,1,302.35,0.1,272.12,197.63,74.49,0,1
ORD-00378,2025-01-24,Centro,Store,Elettronica,PMI,2,162.09,0.15,275.55,184.42,91.13,0,1
ORD-00379,2025-03-31,Nord,Online,Casa,PMI,1,55.22,0,55.22,32.58,22.64,0,5
ORD-00380,2025-09-04,Isole,Online,Beauty,Privati,1,54.71,0,54.71,26.74,27.97,0,3
ORD-00381,2025-07-05,Sud,Store,Moda,Privati,1,30.69,0.15,26.09,14.26,11.83,0,2
ORD-00382,2025-01-12,Nord,Online,Casa,Privati,2,144.71,0,289.42,160.69,128.73,0,6
ORD-00383,2025-04-03,Isole,Online,Sport,Studenti,3,145.12,0,435.36,289.67,145.69,0,3
ORD-00384,2025-09-04,Nord,Partner,Elettronica,Professionisti,3,129.57,0.15,330.4,228.36,102.04,0,4
ORD-00385,2025-12-18,Nord,Online,Casa,Privati,1,41.54,0,41.54,24.53,17.01,0,3
ORD-00386,2025-11-07,Nord,Online,Elettronica,Privati,3,287.54,0,862.62,564.36,298.26,0,2
ORD-00387,2025-11-05,Isole,Online,Sport,Professionisti,1,111.41,0,111.41,71.89,39.52,0,5
ORD-00388,2025-07-15,Isole,Store,Casa,Professionisti,2,79.57,0,159.14,93.41,65.73,0,1
ORD-00389,2025-02-12,Nord,Partner,Casa,Privati,2,130.52,0.1,234.94,138.71,96.23,0,4
ORD-00390,2025-06-11,Nord,Online,Casa,Studenti,1,104.56,0.1,94.1,54.44,39.66,0,4
ORD-00391,2025-12-15,Nord,Online,Casa,Studenti,1,115.96,0.05,110.16,62.81,47.35,0,3
ORD-00392,2025-03-12,Sud,Store,Beauty,Privati,2,25.43,0,50.86,25.84,25.02,0,3
ORD-00393,2025-10-09,Centro,Store,Moda,Privati,2,108.09,0,216.18,118.06,98.12,0,2
ORD-00394,2025-07-09,Nord,Online,Elettronica,PMI,2,249.96,0.15,424.93,310.7,114.23,1,4
ORD-00395,2025-03-31,Centro,Online,Moda,Professionisti,3,50.03,0,150.09,85.26,64.83,0,3
ORD-00396,2025-12-12,Centro,Online,Elettronica,Privati,5,403.3,0,2016.5,1422.03,594.47,0,2
ORD-00397,2025-04-13,Centro,Store,Sport,Privati,1,161.91,0.1,145.72,89.92,55.8,0,1
ORD-00398,2025-04-10,Centro,Online,Sport,Privati,2,117.17,0.1,210.91,129.23,81.68,0,5
ORD-00399,2025-09-20,Sud,Partner,Beauty,Studenti,2,92.18,0.1,165.92,84.03,81.89,0,4
ORD-00400,2025-12-15,Centro,Store,Sport,Privati,1,152.87,0,152.87,98.38,54.49,0,3
ORD-00401,2025-06-11,Nord,Online,Casa,Professionisti,1,66.24,0.05,62.93,37.87,25.06,0,6
ORD-00402,2025-09-01,Nord,Online,Casa,Privati,2,150.24,0,300.48,176.87,123.61,0,5
ORD-00403,2025-05-04,Centro,Online,Beauty,Privati,2,27.44,0,54.88,26.5,28.38,0,5
ORD-00404,2025-01-04,Centro,Store,Moda,Studenti,2,73.14,0.1,131.65,75.57,56.08,0,1
ORD-00405,2025-09-19,Nord,Online,Casa,Privati,3,86.96,0.1,234.79,129.95,104.84,0,5
ORD-00406,2025-08-23,Nord,Store,Beauty,Professionisti,1,29.49,0.1,26.54,12.78,13.76,0,1
ORD-00407,2025-05-13,Centro,Online,Elettronica,PMI,1,143.32,0.05,136.15,90.49,45.66,0,2
ORD-00408,2025-05-24,Isole,Store,Sport,Professionisti,3,158.33,0,474.99,301.03,173.96,0,3
ORD-00409,2025-04-11,Centro,Partner,Elettronica,Professionisti,1,242.36,0.15,206.01,142.5,63.51,0,5
ORD-00410,2025-10-15,Centro,Online,Beauty,Privati,1,33.11,0.15,28.14,13.54,14.6,0,3
ORD-00411,2025-05-14,Isole,Store,Casa,Privati,1,40.67,0.15,34.57,21.56,13.01,0,1
ORD-00412,2025-03-31,Centro,Online,Beauty,Studenti,2,49.1,0,98.2,49.08,49.12,0,3
ORD-00413,2025-11-20,Sud,Partner,Beauty,PMI,1,74.13,0.05,70.42,37.34,33.08,0,5
ORD-00414,2025-06-12,Nord,Store,Moda,Privati,3,116.02,0,348.06,196.83,151.23,0,2
ORD-00415,2025-08-19,Centro,Online,Casa,Professionisti,2,151.66,0.15,257.82,156.63,101.19,0,3
ORD-00416,2025-08-31,Nord,Online,Sport,Professionisti,1,68.3,0,68.3,40.69,27.61,0,4
ORD-00417,2025-07-19,Centro,Online,Casa,Studenti,1,137.39,0,137.39,76.07,61.32,0,6
ORD-00418,2025-08-28,Centro,Store,Beauty,Privati,4,69.9,0,279.6,143.55,136.05,0,1
ORD-00419,2025-11-22,Nord,Online,Beauty,Studenti,3,61.33,0,183.99,97.02,86.97,0,3
ORD-00420,2025-06-05,Sud,Store,Elettronica,Privati,1,280.46,0.15,238.39,173.43,64.96,0,2
ORD-00421,2025-09-02,Sud,Store,Casa,Studenti,3,96.75,0,290.25,168.94,121.31,0,1
ORD-00422,2025-11-27,Centro,Online,Casa,Privati,1,149.9,0.1,134.91,82.55,52.36,0,4
ORD-00423,2025-05-26,Centro,Store,Moda,Privati,1,36.63,0,36.63,20.43,16.2,0,1
ORD-00424,2025-04-07,Isole,Online,Casa,Privati,5,59.5,0,297.5,179.97,117.53,0,5
ORD-00425,2025-04-30,Centro,Online,Elettronica,Privati,3,241.93,0,725.79,498.61,227.18,0,3
ORD-00426,2025-03-16,Centro,Store,Elettronica,Studenti,1,363.75,0.05,345.56,248.53,97.03,0,3
ORD-00427,2025-05-08,Centro,Partner,Casa,PMI,1,135.24,0,135.24,79.83,55.41,0,3
ORD-00428,2025-06-09,Sud,Online,Beauty,Professionisti,2,24.35,0.05,46.27,23.9,22.37,0,4
ORD-00429,2025-01-27,Centro,Online,Beauty,Studenti,1,25.89,0,25.89,13.28,12.61,0,4
ORD-00430,2025-10-25,Nord,Online,Moda,Privati,1,35.66,0,35.66,20.01,15.65,0,7
ORD-00431,2025-11-17,Centro,Online,Elettronica,Studenti,1,281.06,0,281.06,205.96,75.1,0,4
ORD-00432,2025-08-13,Nord,Online,Moda,Professionisti,1,22.42,0.15,19.06,10.36,8.7,0,2
ORD-00433,2025-12-23,Nord,Store,Sport,Privati,1,198.43,0.1,178.59,118.35,60.24,0,2
ORD-00434,2025-06-01,Nord,Store,Moda,Professionisti,2,110.19,0,220.38,122.64,97.74,0,1
ORD-00435,2025-11-14,Sud,Store,Casa,Studenti,1,110.18,0.05,104.67,63.72,40.95,0,1
ORD-00436,2025-06-14,Centro,Store,Elettronica,Professionisti,1,412.6,0,412.6,270.44,142.16,0,2
ORD-00437,2025-01-17,Sud,Partner,Sport,Studenti,2,67.23,0,134.46,81.59,52.87,0,7
ORD-00438,2025-12-02,Centro,Partner,Sport,Professionisti,1,138.15,0.05,131.24,86.0,45.24,0,5
ORD-00439,2025-01-30,Centro,Online,Moda,Privati,1,123.8,0.1,111.42,57.92,53.5,0,3
ORD-00440,2025-09-27,Isole,Store,Moda,Studenti,2,101.56,0.15,172.65,95.56,77.09,0,1
ORD-00441,2025-12-26,Centro,Partner,Moda,Privati,1,65.85,0,65.85,36.25,29.6,0,7
ORD-00442,2025-10-09,Nord,Online,Beauty,Professionisti,1,72.25,0.1,65.03,31.91,33.12,0,3
ORD-00443,2025-07-12,Centro,Partner,Moda,PMI,1,62.47,0.15,53.1,27.37,25.73,0,5
ORD-00444,2025-06-04,Centro,Partner,Elettronica,Privati,2,439.88,0,879.76,639.81,239.95,0,5
ORD-00445,2025-10-20,Centro,Online,Beauty,Privati,1,42.47,0.1,38.22,18.78,19.44,0,3
ORD-00446,2025-10-19,Sud,Store,Beauty,Professionisti,1,80.53,0.15,68.45,35.64,32.81,0,3
ORD-00447,2025-02-18,Sud,Online,Sport,Studenti,1,34.23,0,34.23,21.12,13.11,0,2
ORD-00448,2025-04-27,Isole,Partner,Moda,Studenti,2,24.06,0.1,43.31,22.34,20.97,0,6
ORD-00449,2025-03-18,Centro,Store,Casa,Professionisti,5,155.95,0.1,701.77,417.11,284.66,0,1
ORD-00450,2025-03-17,Nord,Online,Elettronica,Privati,1,95.2,0.1,85.68,58.64,27.04,0,5
ORD-00451,2025-03-11,Nord,Online,Sport,Studenti,2,189.52,0.1,341.14,207.7,133.44,0,4
ORD-00452,2025-10-22,Nord,Store,Elettronica,Privati,1,275.83,0,275.83,196.95,78.88,0,1
ORD-00453,2025-06-29,Nord,Partner,Moda,Privati,1,120.6,0,120.6,67.67,52.93,0,5
ORD-00454,2025-01-28,Centro,Store,Casa,Professionisti,1,68.06,0,68.06,39.07,28.99,0,1
ORD-00455,2025-06-19,Centro,Store,Elettronica,Studenti,1,260.12,0.15,221.1,162.23,58.87,0,1
ORD-00456,2025-12-06,Centro,Online,Sport,Privati,2,82.32,0.05,156.41,100.38,56.03,1,3
ORD-00457,2025-07-18,Isole,Store,Moda,Privati,1,50.76,0.15,43.15,23.31,19.84,0,1
ORD-00458,2025-06-11,Centro,Store,Sport,Privati,4,129.26,0.15,439.48,259.61,179.87,0,1
ORD-00459,2025-09-29,Sud,Online,Casa,Privati,2,69.75,0,139.5,79.35,60.15,0,2
ORD-00460,2025-11-17,Isole,Online,Casa,PMI,4,180.39,0,721.56,405.83,315.73,0,4
ORD-00461,2025-12-03,Nord,Store,Elettronica,Professionisti,3,364.28,0.05,1038.2,692.74,345.46,0,4
ORD-00462,2025-06-18,Sud,Online,Sport,Studenti,2,64.22,0,128.44,78.85,49.59,0,3
ORD-00463,2025-09-26,Isole,Online,Beauty,Professionisti,2,58.88,0,117.76,58.37,59.39,0,4
ORD-00464,2025-06-12,Centro,Online,Moda,Privati,5,138.22,0,691.1,376.03,315.07,0,4
ORD-00465,2025-11-23,Sud,Online,Beauty,Privati,1,88.83,0.1,79.95,41.18,38.77,0,3
ORD-00466,2025-04-29,Sud,Online,Moda,Studenti,2,85.73,0.15,145.74,81.41,64.33,0,3
ORD-00467,2025-07-18,Centro,Online,Sport,Privati,2,27.48,0,54.96,36.58,18.38,0,3
ORD-00468,2025-04-15,Isole,Partner,Elettronica,Professionisti,1,180.34,0.05,171.32,124.11,47.21,0,4
ORD-00469,2025-01-22,Sud,Store,Moda,Privati,4,82.06,0.1,295.42,162.44,132.98,0,2
ORD-00470,2025-08-20,Sud,Partner,Sport,Privati,2,187.33,0,374.66,237.52,137.14,0,3
ORD-00471,2025-11-19,Nord,Online,Beauty,PMI,2,42.16,0,84.32,42.37,41.95,0,5
ORD-00472,2025-03-14,Centro,Store,Sport,Studenti,1,121.6,0.15,103.36,65.43,37.93,0,2
ORD-00473,2025-06-15,Nord,Online,Sport,Professionisti,1,110.03,0,110.03,67.68,42.35,0,4
ORD-00474,2025-03-05,Nord,Store,Elettronica,Privati,2,323.04,0.1,581.47,407.09,174.38,0,1
ORD-00475,2025-10-09,Isole,Store,Casa,Studenti,2,41.01,0,82.02,46.3,35.72,0,1
ORD-00476,2025-08-17,Isole,Online,Casa,PMI,1,127.16,0,127.16,74.46,52.7,0,4
ORD-00477,2025-10-06,Nord,Store,Moda,Privati,2,68.82,0.05,130.76,67.81,62.95,0,1
ORD-00478,2025-11-14,Centro,Store,Moda,Privati,1,67.37,0,67.37,38.6,28.77,0,3
ORD-00479,2025-11-05,Centro,Partner,Casa,Privati,1,134.63,0.1,121.17,72.8,48.37,0,3
ORD-00480,2025-08-22,Centro,Online,Moda,Professionisti,1,118.52,0,118.52,67.11,51.41,0,3
ORD-00481,2025-02-03,Sud,Online,Casa,Privati,2,93.45,0.15,158.87,90.04,68.83,1,1
ORD-00482,2025-09-28,Sud,Online,Beauty,PMI,5,35.84,0.1,161.28,85.5,75.78,0,2
ORD-00483,2025-10-22,Centro,Online,Beauty,Studenti,2,64.44,0.05,122.44,64.59,57.85,0,4
ORD-00484,2025-04-10,Nord,Online,Elettronica,Privati,3,348.85,0.05,994.22,678.66,315.56,0,5
ORD-00485,2025-10-14,Sud,Online,Moda,Professionisti,1,25.6,0,25.6,14.04,11.56,0,5
ORD-00486,2025-06-24,Isole,Store,Casa,Professionisti,1,150.41,0.15,127.85,75.06,52.79,0,1
ORD-00487,2025-01-19,Nord,Online,Moda,PMI,2,55.53,0.05,105.51,61.0,44.51,1,2
ORD-00488,2025-12-14,Centro,Store,Casa,Professionisti,3,170.3,0,510.9,284.06,226.84,0,1
ORD-00489,2025-01-16,Nord,Online,Casa,Privati,2,46.23,0,92.46,56.97,35.49,0,4
ORD-00490,2025-01-17,Sud,Online,Casa,Privati,3,62.37,0.1,168.4,96.63,71.77,0,3
ORD-00491,2025-01-20,Nord,Partner,Moda,Privati,1,74.01,0,74.01,39.73,34.28,0,5
ORD-00492,2025-06-17,Sud,Partner,Elettronica,PMI,2,123.33,0.15,209.66,136.12,73.54,0,4
ORD-00493,2025-09-25,Centro,Online,Elettronica,Professionisti,3,183.32,0,549.96,360.29,189.67,0,4
ORD-00494,2025-06-09,Centro,Online,Moda,Privati,2,115.01,0.15,195.52,101.92,93.6,0,4
ORD-00495,2025-05-21,Nord,Partner,Elettronica,Privati,2,286.03,0,572.06,376.71,195.35,0,4
ORD-00496,2025-02-06,Nord,Partner,Casa,Privati,1,146.46,0,146.46,81.87,64.59,0,5
ORD-00497,2025-08-07,Isole,Store,Casa,Studenti,2,82.42,0,164.84,94.71,70.13,0,1
ORD-00498,2025-10-01,Sud,Partner,Elettronica,Studenti,1,349.83,0.15,297.36,204.4,92.96,0,3
ORD-00499,2025-12-17,Nord,Store,Moda,PMI,1,139.62,0,139.62,80.57,59.05,0,1
ORD-00500,2025-06-16,Nord,Online,Sport,Privati,1,58.5,0,58.5,37.31,21.19,0,2
ORD-00501,2025-02-22,Centro,Store,Casa,Studenti,1,62.3,0.05,59.18,34.4,24.78,0,1
ORD-00502,2025-09-04,Sud,Online,Casa,Studenti,3,80.95,0,242.85,143.78,99.07,0,3
ORD-00503,2025-12-06,Sud,Store,Moda,Professionisti,1,100.02,0,100.02,55.21,44.81,0,2
ORD-00504,2025-02-05,Nord,Store,Sport,Professionisti,1,131.42,0,131.42,78.37,53.05,0,4
ORD-00505,2025-10-25,Centro,Store,Beauty,Privati,1,56.09,0.05,53.29,27.44,25.85,0,2
ORD-00506,2025-06-03,Centro,Partner,Sport,PMI,1,205.84,0,205.84,137.67,68.17,0,7
ORD-00507,2025-11-10,Centro,Online,Beauty,Privati,1,67.92,0,67.92,32.27,35.65,0,4
ORD-00508,2025-05-25,Sud,Online,Beauty,Privati,1,48.15,0.05,45.74,23.02,22.72,0,4
ORD-00509,2025-03-30,Nord,Online,Sport,PMI,3,50.45,0.15,128.65,77.08,51.57,1,3
ORD-00510,2025-09-07,Centro,Partner,Moda,Privati,3,114.34,0.15,291.57,161.95,129.62,0,4
ORD-00511,2025-04-03,Sud,Online,Sport,Privati,1,95.09,0,95.09,60.44,34.65,0,4
ORD-00512,2025-07-30,Centro,Store,Beauty,Privati,1,42.59,0.1,38.33,19.41,18.92,0,2
ORD-00513,2025-03-14,Sud,Store,Moda,Professionisti,1,75.9,0.1,68.31,39.31,29.0,0,1
ORD-00514,2025-12-09,Sud,Store,Elettronica,Privati,1,220.61,0,220.61,151.66,68.95,0,2
ORD-00515,2025-08-29,Nord,Online,Sport,PMI,1,52.64,0.15,44.74,29.68,15.06,0,4
ORD-00516,2025-02-01,Nord,Store,Moda,Professionisti,1,100.59,0,100.59,53.63,46.96,0,1
ORD-00517,2025-09-16,Centro,Store,Elettronica,Studenti,1,156.22,0.15,132.79,87.09,45.7,0,1
ORD-00518,2025-08-17,Sud,Online,Casa,Privati,1,93.83,0,93.83,54.13,39.7,0,3
ORD-00519,2025-03-16,Sud,Store,Sport,Professionisti,1,88.22,0.15,74.99,46.83,28.16,0,2
ORD-00520,2025-06-26,Sud,Online,Elettronica,Privati,1,257.47,0.05,244.6,174.15,70.45,0,6
ORD-00521,2025-09-30,Nord,Store,Casa,Privati,2,80.86,0,161.72,100.41,61.31,0,1
ORD-00522,2025-12-16,Nord,Online,Beauty,Privati,3,73.95,0.15,188.57,100.09,88.48,0,1
ORD-00523,2025-05-17,Nord,Online,Moda,Studenti,2,49.59,0.15,84.3,46.73,37.57,0,3
ORD-00524,2025-04-03,Centro,Online,Casa,Privati,1,93.54,0.15,79.51,46.48,33.03,0,5
ORD-00525,2025-05-26,Nord,Online,Casa,Privati,2,159.67,0,319.34,198.84,120.5,0,4
ORD-00526,2025-11-06,Isole,Store,Elettronica,Studenti,4,452.04,0.15,1536.94,1017.9,519.04,0,1
ORD-00527,2025-12-05,Isole,Store,Beauty,Privati,1,102.64,0,102.64,50.47,52.17,0,1
ORD-00528,2025-07-18,Isole,Online,Casa,Privati,1,88.84,0,88.84,53.04,35.8,0,4
ORD-00529,2025-09-09,Nord,Store,Elettronica,Studenti,1,221.76,0,221.76,145.28,76.48,0,1
ORD-00530,2025-08-17,Sud,Online,Elettronica,Privati,1,203.62,0,203.62,144.14,59.48,0,3
ORD-00531,2025-10-22,Sud,Store,Elettronica,Studenti,1,323.36,0,323.36,224.33,99.03,1,3
ORD-00532,2025-09-04,Isole,Store,Elettronica,Privati,1,84.59,0.15,71.9,47.02,24.88,0,1
ORD-00533,2025-06-24,Sud,Online,Elettronica,Professionisti,1,86.86,0.05,82.52,58.13,24.39,0,3
ORD-00534,2025-12-19,Nord,Online,Casa,Professionisti,1,55.5,0.15,47.17,29.53,17.64,0,4
ORD-00535,2025-07-19,Centro,Store,Elettronica,Studenti,3,224.5,0,673.5,437.29,236.21,1,1
ORD-00536,2025-03-02,Nord,Store,Elettronica,PMI,3,255.48,0.15,651.47,454.21,197.26,0,1
ORD-00537,2025-01-19,Centro,Online,Moda,PMI,2,45.18,0.15,76.81,40.11,36.7,0,5
ORD-00538,2025-02-19,Nord,Online,Sport,Professionisti,1,107.03,0.1,96.33,58.45,37.88,0,4
ORD-00539,2025-08-07,Sud,Partner,Casa,Privati,1,115.77,0.1,104.19,58.49,45.7,0,5
ORD-00540,2025-10-31,Centro,Online,Elettronica,Professionisti,1,196.32,0,196.32,134.44,61.88,0,2
ORD-00541,2025-01-21,Nord,Store,Elettronica,Privati,1,377.27,0,377.27,243.93,133.34,0,3
ORD-00542,2025-05-26,Sud,Store,Casa,Professionisti,1,120.53,0.1,108.48,63.46,45.02,0,2
ORD-00543,2025-03-31,Centro,Online,Moda,Studenti,4,88.25,0,353.0,189.71,163.29,1,4
ORD-00544,2025-09-29,Sud,Store,Beauty,PMI,2,50.53,0.15,85.9,44.48,41.42,0,2
ORD-00545,2025-04-10,Sud,Online,Elettronica,PMI,1,121.71,0,121.71,79.21,42.5,0,4
ORD-00546,2025-11-12,Centro,Store,Moda,Professionisti,4,44.49,0,177.96,97.35,80.61,0,2
ORD-00547,2025-05-01,Centro,Store,Moda,Privati,2,59.92,0,119.84,64.22,55.62,0,1
ORD-00548,2025-07-12,Nord,Online,Beauty,Privati,1,29.94,0.1,26.95,13.6,13.35,0,2
ORD-00549,2025-03-11,Nord,Online,Sport,Privati,1,30.3,0.1,27.27,16.19,11.08,0,5
ORD-00550,2025-03-29,Centro,Online,Moda,Privati,3,124.71,0,374.13,207.11,167.02,0,3
ORD-00551,2025-04-28,Nord,Partner,Elettronica,PMI,2,362.13,0,724.26,468.8,255.46,0,5
ORD-00552,2025-08-11,Nord,Partner,Sport,Privati,2,25.84,0,51.68,30.61,21.07,0,4
ORD-00553,2025-09-16,Nord,Store,Elettronica,Professionisti,3,225.62,0,676.86,442.22,234.64,0,1
ORD-00554,2025-04-22,Sud,Online,Elettronica,Privati,1,173.22,0.15,147.24,101.1,46.14,0,3
ORD-00555,2025-10-26,Sud,Online,Elettronica,Professionisti,1,345.4,0,345.4,242.27,103.13,0,5
ORD-00556,2025-07-17,Centro,Online,Beauty,Privati,1,90.53,0.1,81.48,41.75,39.73,0,4
ORD-00557,2025-12-17,Sud,Partner,Elettronica,Privati,4,359.31,0,1437.24,942.56,494.68,0,4
ORD-00558,2025-03-31,Nord,Store,Moda,Professionisti,1,55.51,0.1,49.96,26.03,23.93,0,1
ORD-00559,2025-10-25,Sud,Store,Beauty,Professionisti,1,86.53,0.1,77.88,40.44,37.44,0,2
ORD-00560,2025-09-06,Nord,Store,Sport,Studenti,3,173.41,0.05,494.22,315.83,178.39,0,2
ORD-00561,2025-12-21,Centro,Partner,Moda,PMI,1,31.84,0,31.84,16.98,14.86,0,5
ORD-00562,2025-12-23,Centro,Online,Elettronica,PMI,1,251.19,0.15,213.51,148.15,65.36,0,4
ORD-00563,2025-06-27,Centro,Store,Sport,Privati,1,173.06,0.1,155.75,99.83,55.92,0,1
ORD-00564,2025-06-17,Nord,Store,Sport,Studenti,1,130.46,0,130.46,78.65,51.81,0,3
ORD-00565,2025-09-05,Sud,Online,Casa,Privati,1,153.87,0.1,138.48,85.95,52.53,0,3
ORD-00566,2025-12-29,Centro,Store,Moda,Privati,1,63.09,0,63.09,34.32,28.77,0,4
ORD-00567,2025-04-16,Centro,Online,Sport,Privati,1,114.08,0,114.08,72.1,41.98,0,6
ORD-00568,2025-03-16,Centro,Partner,Beauty,PMI,2,54.11,0.15,91.99,47.91,44.08,0,5
ORD-00569,2025-05-29,Isole,Store,Beauty,Professionisti,3,79.72,0.05,227.2,112.92,114.28,0,1
ORD-00570,2025-12-14,Nord,Online,Sport,Professionisti,1,47.51,0,47.51,30.31,17.2,0,4
ORD-00571,2025-09-27,Centro,Partner,Casa,Privati,2,82.36,0.15,140.01,87.25,52.76,0,4
ORD-00572,2025-11-05,Isole,Partner,Moda,Privati,1,134.08,0,134.08,72.42,61.66,1,5
ORD-00573,2025-06-26,Sud,Partner,Casa,Privati,2,90.41,0.05,171.78,105.06,66.72,0,6
ORD-00574,2025-08-06,Sud,Online,Moda,Studenti,1,51.96,0.1,46.76,27.23,19.53,1,1
ORD-00575,2025-10-30,Nord,Online,Moda,PMI,1,80.25,0.15,68.21,37.71,30.5,0,4
ORD-00576,2025-05-29,Sud,Online,Sport,Professionisti,1,129.01,0.05,122.56,74.41,48.15,0,6
ORD-00577,2025-03-20,Sud,Partner,Casa,Studenti,2,144.98,0.05,275.46,155.5,119.96,0,4
ORD-00578,2025-05-22,Nord,Partner,Sport,Privati,1,106.65,0,106.65,68.22,38.43,0,4
ORD-00579,2025-12-22,Sud,Online,Moda,Privati,1,98.11,0,98.11,52.53,45.58,0,4
ORD-00580,2025-05-20,Isole,Store,Casa,Privati,1,120.4,0,120.4,71.01,49.39,0,2
ORD-00581,2025-04-04,Centro,Store,Moda,Privati,1,112.64,0,112.64,59.93,52.71,0,1
ORD-00582,2025-06-30,Nord,Online,Moda,Privati,1,61.73,0,61.73,32.11,29.62,0,5
ORD-00583,2025-04-24,Nord,Store,Moda,Professionisti,4,112.76,0.15,383.38,211.51,171.87,0,2
ORD-00584,2025-02-09,Centro,Online,Elettronica,Privati,2,114.35,0.05,217.26,157.44,59.82,0,5
ORD-00585,2025-06-25,Sud,Online,Elettronica,Privati,1,342.6,0.15,291.21,193.95,97.26,0,4
ORD-00586,2025-12-20,Centro,Online,Moda,Studenti,1,47.19,0,47.19,26.84,20.35,0,4
ORD-00587,2025-01-31,Centro,Partner,Sport,Privati,1,40.92,0,40.92,27.14,13.78,0,5
ORD-00588,2025-06-29,Sud,Online,Elettronica,Privati,2,209.04,0.1,376.27,269.04,107.23,0,3
ORD-00589,2025-09-16,Nord,Online,Sport,Privati,1,56.61,0,56.61,34.13,22.48,0,6
ORD-00590,2025-04-20,Nord,Partner,Beauty,Professionisti,1,67.9,0,67.9,33.05,34.85,0,5
ORD-00591,2025-07-14,Nord,Online,Sport,Professionisti,1,101.87,0.1,91.68,55.0,36.68,0,3
ORD-00592,2025-01-21,Nord,Online,Elettronica,Privati,2,308.9,0.05,586.91,390.86,196.05,0,2
ORD-00593,2025-08-08,Sud,Online,Elettronica,Studenti,2,128.65,0.15,218.71,150.79,67.92,0,2
ORD-00594,2025-02-13,Sud,Online,Elettronica,PMI,2,381.81,0,763.62,497.67,265.95,0,4
ORD-00595,2025-06-23,Nord,Partner,Elettronica,Privati,1,266.4,0.15,226.44,161.61,64.83,0,5
ORD-00596,2025-07-24,Isole,Store,Casa,PMI,2,40.63,0.05,77.2,43.17,34.03,0,1
ORD-00597,2025-09-12,Centro,Partner,Casa,Professionisti,3,89.74,0,269.22,168.07,101.15,0,4
ORD-00598,2025-11-15,Sud,Store,Moda,Studenti,1,82.83,0,82.83,46.34,36.49,0,1
ORD-00599,2025-05-14,Nord,Store,Sport,Privati,2,207.31,0,414.62,257.03,157.59,0,1
ORD-00600,2025-01-17,Sud,Store,Elettronica,PMI,1,217.89,0,217.89,154.54,63.35,0,2
ORD-00601,2025-02-26,Nord,Online,Sport,Studenti,1,117.77,0,117.77,74.18,43.59,0,1
ORD-00602,2025-11-12,Centro,Store,Moda,Privati,2,38.18,0,76.36,41.04,35.32,0,1
ORD-00603,2025-01-14,Nord,Store,Moda,Privati,5,64.14,0,320.7,179.41,141.29,0,1
ORD-00604,2025-12-19,Centro,Online,Elettronica,Privati,1,269.77,0.05,256.28,178.43,77.85,0,3
ORD-00605,2025-05-17,Centro,Online,Elettronica,Privati,2,197.41,0,394.82,283.27,111.55,0,3
ORD-00606,2025-09-15,Centro,Store,Moda,Privati,4,40.6,0.15,138.04,79.03,59.01,0,1
ORD-00607,2025-10-02,Centro,Online,Elettronica,Studenti,3,286.72,0,860.16,610.24,249.92,0,3
ORD-00608,2025-10-18,Centro,Online,Moda,Professionisti,2,51.81,0,103.62,56.31,47.31,0,3
ORD-00609,2025-04-13,Nord,Online,Casa,Professionisti,2,143.33,0.15,243.66,147.18,96.48,0,3
ORD-00610,2025-08-28,Sud,Store,Casa,Professionisti,3,150.85,0.15,384.67,230.13,154.54,0,1
ORD-00611,2025-07-06,Sud,Online,Sport,Professionisti,3,92.69,0,278.07,177.99,100.08,0,4
ORD-00612,2025-03-24,Nord,Store,Casa,Privati,1,54.38,0,54.38,31.87,22.51,0,2
ORD-00613,2025-08-12,Centro,Partner,Sport,Privati,1,155.3,0,155.3,99.72,55.58,0,6
ORD-00614,2025-09-06,Isole,Online,Moda,Privati,1,25.12,0.05,23.86,13.74,10.12,0,2
ORD-00615,2025-02-16,Sud,Partner,Casa,Privati,2,90.03,0,180.06,106.3,73.76,0,7
ORD-00616,2025-05-09,Nord,Online,Sport,Professionisti,1,178.57,0.15,151.78,94.17,57.61,0,3
ORD-00617,2025-05-01,Centro,Online,Beauty,Privati,1,50.48,0.1,45.43,21.74,23.69,0,4
ORD-00618,2025-10-07,Isole,Store,Sport,Professionisti,4,84.89,0.15,288.63,178.56,110.07,0,1
ORD-00619,2025-11-27,Sud,Store,Beauty,Professionisti,4,81.81,0.15,278.15,136.45,141.7,0,1
ORD-00620,2025-07-05,Nord,Store,Beauty,Privati,1,12.65,0.05,12.02,6.43,5.59,0,4
ORD-00621,2025-06-04,Centro,Store,Elettronica,Privati,3,429.16,0.15,1094.36,737.64,356.72,0,1
ORD-00622,2025-05-21,Isole,Store,Beauty,Studenti,1,90.0,0.15,76.5,38.44,38.06,0,1
ORD-00623,2025-02-21,Nord,Store,Moda,Privati,2,109.1,0.15,185.47,99.4,86.07,0,1
ORD-00624,2025-04-05,Centro,Store,Moda,Privati,2,53.14,0,106.28,55.35,50.93,0,1
ORD-00625,2025-11-29,Sud,Partner,Moda,Professionisti,1,84.46,0.15,71.79,37.5,34.29,0,4
ORD-00626,2025-05-25,Centro,Online,Elettronica,Professionisti,4,416.84,0,1667.36,1080.17,587.19,1,3
ORD-00627,2025-10-13,Isole,Store,Moda,PMI,1,96.54,0,96.54,49.86,46.68,0,1
ORD-00628,2025-07-08,Centro,Store,Elettronica,Studenti,2,394.54,0.15,670.72,462.58,208.14,0,1
ORD-00629,2025-04-15,Sud,Partner,Elettronica,Privati,1,111.22,0,111.22,77.75,33.47,0,4
ORD-00630,2025-08-03,Centro,Store,Elettronica,PMI,1,225.1,0,225.1,152.77,72.33,0,3
ORD-00631,2025-08-23,Sud,Online,Elettronica,PMI,1,140.34,0.05,133.32,94.47,38.85,0,4
ORD-00632,2025-01-31,Nord,Partner,Elettronica,Privati,2,303.13,0.1,545.63,386.7,158.93,0,5
ORD-00633,2025-01-03,Centro,Store,Casa,Privati,1,155.53,0.1,139.98,77.56,62.42,0,2
ORD-00634,2025-06-23,Centro,Online,Beauty,Studenti,1,23.87,0,23.87,12.86,11.01,0,5
ORD-00635,2025-05-24,Centro,Partner,Moda,Professionisti,2,113.62,0,227.24,124.82,102.42,0,6
ORD-00636,2025-09-09,Sud,Online,Moda,Professionisti,3,23.96,0,71.88,37.15,34.73,0,5
ORD-00637,2025-08-29,Nord,Store,Casa,PMI,4,25.71,0,102.84,64.33,38.51,0,1
ORD-00638,2025-03-17,Sud,Online,Elettronica,Privati,1,245.6,0,245.6,170.89,74.71,0,4
ORD-00639,2025-04-19,Nord,Partner,Sport,Studenti,1,37.68,0.05,35.8,23.04,12.76,0,6
ORD-00640,2025-12-15,Isole,Online,Elettronica,Privati,1,88.8,0.05,84.36,60.69,23.67,0,4
ORD-00641,2025-08-21,Sud,Online,Moda,Privati,1,87.7,0.05,83.31,44.64,38.67,0,4
ORD-00642,2025-10-19,Sud,Partner,Elettronica,Privati,3,329.05,0.1,888.44,648.69,239.75,0,2
ORD-00643,2025-07-24,Sud,Online,Casa,Privati,1,49.15,0.05,46.69,28.47,18.22,0,4
ORD-00644,2025-03-03,Sud,Store,Casa,PMI,3,104.49,0,313.47,188.45,125.02,0,1
ORD-00645,2025-09-20,Nord,Online,Elettronica,Privati,2,97.03,0.05,184.36,132.31,52.05,0,3
ORD-00646,2025-01-21,Sud,Partner,Sport,Professionisti,2,178.56,0.1,321.41,205.62,115.79,0,5
ORD-00647,2025-05-29,Sud,Online,Sport,Privati,5,151.7,0,758.5,498.2,260.3,0,4
ORD-00648,2025-02-09,Nord,Online,Beauty,Privati,1,71.79,0,71.79,35.76,36.03,0,4
ORD-00649,2025-09-15,Nord,Store,Elettronica,Professionisti,3,81.07,0.05,231.05,167.17,63.88,0,1
ORD-00650,2025-12-10,Nord,Store,Sport,PMI,3,70.6,0,211.8,137.5,74.3,0,1
ORD-00651,2025-12-11,Centro,Store,Elettronica,Privati,1,276.57,0.15,235.08,160.28,74.8,0,1
ORD-00652,2025-06-05,Nord,Partner,Moda,Professionisti,2,68.46,0,136.92,71.08,65.84,0,3
ORD-00653,2025-04-08,Isole,Online,Elettronica,Professionisti,1,295.26,0.15,250.97,167.49,83.48,0,5
ORD-00654,2025-02-14,Nord,Online,Casa,Privati,1,41.34,0.15,35.14,20.54,14.6,0,3
ORD-00655,2025-01-11,Centro,Store,Beauty,Studenti,3,16.23,0,48.69,23.45,25.24,0,1
ORD-00656,2025-09-11,Nord,Store,Moda,Privati,1,72.44,0.1,65.2,36.76,28.44,0,2
ORD-00657,2025-09-07,Centro,Online,Casa,Studenti,2,57.5,0.15,97.75,56.93,40.82,0,1
ORD-00658,2025-06-27,Centro,Online,Sport,Professionisti,1,107.02,0.1,96.32,58.44,37.88,0,4
ORD-00659,2025-06-23,Sud,Partner,Beauty,Studenti,3,79.21,0.05,225.75,121.32,104.43,0,4
ORD-00660,2025-08-30,Nord,Partner,Moda,Privati,2,92.71,0,185.42,97.38,88.04,0,3
ORD-00661,2025-09-09,Isole,Online,Elettronica,Privati,1,81.7,0,81.7,55.37,26.33,0,3
ORD-00662,2025-09-15,Nord,Online,Elettronica,Studenti,1,144.55,0,144.55,106.08,38.47,0,3
ORD-00663,2025-01-24,Isole,Store,Moda,Professionisti,3,85.68,0,257.04,144.61,112.43,0,1
ORD-00664,2025-02-26,Nord,Store,Beauty,Professionisti,1,58.69,0.1,52.82,25.45,27.37,0,2
ORD-00665,2025-04-16,Centro,Online,Beauty,Privati,2,72.8,0,145.6,70.62,74.98,0,4
ORD-00666,2025-04-14,Sud,Online,Sport,Privati,3,81.32,0.1,219.56,132.35,87.21,0,3
ORD-00667,2025-08-01,Centro,Store,Casa,Professionisti,1,51.95,0.05,49.35,28.73,20.62,0,1
ORD-00668,2025-12-16,Centro,Online,Casa,Privati,3,179.49,0,538.47,310.43,228.04,0,4
ORD-00669,2025-03-26,Centro,Online,Sport,PMI,1,119.8,0.15,101.83,68.02,33.81,0,6
ORD-00670,2025-08-03,Nord,Store,Casa,Privati,2,147.29,0,294.58,180.68,113.9,0,1
ORD-00671,2025-11-09,Nord,Store,Beauty,Privati,2,91.37,0.15,155.33,78.25,77.08,0,2
ORD-00672,2025-04-12,Nord,Online,Beauty,Privati,2,85.03,0.1,153.05,82.57,70.48,0,2
ORD-00673,2025-02-17,Nord,Online,Sport,Studenti,1,171.9,0.1,154.71,98.51,56.2,0,4
ORD-00674,2025-09-16,Nord,Online,Elettronica,Studenti,1,81.95,0.15,69.66,50.8,18.86,0,2
ORD-00675,2025-10-21,Isole,Online,Moda,Professionisti,5,81.35,0.15,345.74,193.52,152.22,0,4
ORD-00676,2025-12-08,Sud,Store,Moda,Professionisti,2,53.97,0,107.94,59.29,48.65,0,2
ORD-00677,2025-07-04,Nord,Online,Sport,Privati,1,95.11,0,95.11,59.67,35.44,0,3
ORD-00678,2025-10-29,Sud,Store,Sport,Studenti,2,189.42,0.15,322.01,213.83,108.18,0,2
ORD-00679,2025-08-02,Centro,Online,Moda,Professionisti,1,96.91,0.1,87.22,45.47,41.75,0,2
ORD-00680,2025-10-14,Nord,Partner,Casa,Privati,1,100.05,0,100.05,59.07,40.98,0,5
ORD-00681,2025-06-06,Nord,Online,Beauty,Professionisti,1,67.03,0,67.03,35.92,31.11,0,4
ORD-00682,2025-09-08,Centro,Store,Elettronica,Privati,1,174.94,0.05,166.19,120.59,45.6,0,2
ORD-00683,2025-09-01,Centro,Partner,Moda,Privati,2,103.31,0.15,175.63,95.63,80.0,0,4
ORD-00684,2025-12-07,Isole,Online,Moda,Privati,1,109.85,0.05,104.36,58.93,45.43,0,6
ORD-00685,2025-03-26,Sud,Store,Moda,Professionisti,2,31.86,0.1,57.35,29.76,27.59,0,1
ORD-00686,2025-10-19,Nord,Store,Sport,Privati,2,112.76,0,225.52,137.83,87.69,0,1
ORD-00687,2025-12-28,Centro,Store,Moda,Studenti,1,99.07,0.05,94.12,53.98,40.14,1,1
ORD-00688,2025-09-28,Centro,Online,Casa,Privati,1,40.16,0,40.16,24.45,15.71,0,4
ORD-00689,2025-07-28,Isole,Online,Moda,Privati,2,51.38,0,102.76,55.02,47.74,0,3
ORD-00690,2025-03-03,Nord,Online,Elettronica,Privati,2,244.07,0,488.14,326.96,161.18,0,5
ORD-00691,2025-10-11,Nord,Online,Casa,Privati,3,57.68,0.1,155.74,93.74,62.0,0,2
ORD-00692,2025-06-05,Sud,Online,Sport,Studenti,3,53.34,0.1,144.02,96.27,47.75,0,3
ORD-00693,2025-10-03,Nord,Partner,Beauty,Privati,3,91.77,0.1,247.78,122.35,125.43,0,7
ORD-00694,2025-09-04,Sud,Online,Casa,PMI,3,49.79,0.1,134.43,76.92,57.51,0,4
ORD-00695,2025-10-01,Nord,Online,Sport,Privati,1,116.82,0,116.82,77.08,39.74,0,2
ORD-00696,2025-12-16,Isole,Store,Beauty,Professionisti,1,79.02,0,79.02,39.29,39.73,0,1
ORD-00697,2025-11-03,Centro,Partner,Casa,PMI,2,24.31,0,48.62,29.26,19.36,0,6
ORD-00698,2025-07-21,Sud,Store,Sport,Privati,1,162.29,0.15,137.95,86.2,51.75,0,1
ORD-00699,2025-07-12,Centro,Online,Moda,Professionisti,2,18.94,0.05,35.99,19.4,16.59,0,6
ORD-00700,2025-05-24,Centro,Store,Moda,Professionisti,2,119.4,0,238.8,126.43,112.37,0,1
ORD-00701,2025-07-05,Sud,Online,Elettronica,Studenti,1,414.41,0.15,352.25,239.89,112.36,0,3
ORD-00702,2025-10-10,Sud,Store,Elettronica,Studenti,1,273.8,0.15,232.73,151.68,81.05,0,1
ORD-00703,2025-10-19,Sud,Partner,Beauty,Privati,3,13.92,0.15,35.5,18.43,17.07,0,4
ORD-00704,2025-01-02,Isole,Store,Beauty,Privati,4,47.9,0.05,182.02,89.7,92.32,0,1
ORD-00705,2025-08-27,Centro,Online,Sport,Professionisti,1,176.53,0.1,158.88,99.33,59.55,1,4
ORD-00706,2025-10-20,Centro,Partner,Moda,Professionisti,4,120.7,0,482.8,253.25,229.55,0,5
ORD-00707,2025-11-17,Nord,Online,Moda,Privati,3,144.82,0,434.46,230.42,204.04,0,6
ORD-00708,2025-06-20,Centro,Online,Sport,Studenti,1,44.86,0.05,42.62,27.09,15.53,0,3
ORD-00709,2025-02-01,Isole,Online,Beauty,Professionisti,3,17.15,0.05,48.88,23.39,25.49,0,3
ORD-00710,2025-01-29,Nord,Online,Sport,Privati,2,63.46,0.1,114.23,74.53,39.7,0,4
ORD-00711,2025-08-21,Sud,Store,Casa,Studenti,1,151.26,0,151.26,88.52,62.74,0,1
ORD-00712,2025-11-01,Sud,Store,Moda,PMI,1,88.5,0,88.5,48.02,40.48,0,2
ORD-00713,2025-08-16,Centro,Online,Elettronica,Privati,2,247.16,0.15,420.17,299.45,120.72,0,5
ORD-00714,2025-03-17,Centro,Store,Sport,PMI,2,133.52,0,267.04,158.52,108.52,0,1
ORD-00715,2025-10-14,Centro,Online,Beauty,Privati,3,77.18,0,231.54,112.83,118.71,0,3
ORD-00716,2025-12-21,Isole,Store,Casa,Studenti,1,50.41,0.05,47.89,29.55,18.34,0,1
ORD-00717,2025-09-11,Centro,Online,Elettronica,Privati,2,149.85,0.15,254.74,181.86,72.88,0,4
ORD-00718,2025-07-24,Nord,Partner,Elettronica,Privati,1,105.89,0,105.89,72.53,33.36,0,4
ORD-00719,2025-07-04,Centro,Online,Elettronica,Privati,3,320.19,0,960.57,692.5,268.07,0,4
ORD-00720,2025-05-15,Sud,Online,Beauty,Privati,3,23.33,0,69.99,34.63,35.36,0,4
ORD-00721,2025-07-10,Isole,Partner,Moda,PMI,3,116.38,0,349.14,182.01,167.13,0,5
ORD-00722,2025-09-30,Nord,Online,Casa,PMI,1,26.47,0.1,23.82,14.18,9.64,0,4
ORD-00723,2025-05-31,Centro,Online,Moda,Professionisti,3,124.71,0.1,336.72,193.68,143.04,0,5
ORD-00724,2025-12-06,Nord,Online,Moda,PMI,2,70.7,0.1,127.26,69.43,57.83,0,4
ORD-00725,2025-07-11,Isole,Online,Sport,Studenti,2,130.29,0.1,234.52,150.41,84.11,0,5
ORD-00726,2025-05-01,Isole,Online,Casa,Studenti,4,79.61,0.1,286.6,159.75,126.85,0,3
ORD-00727,2025-06-01,Nord,Online,Sport,Studenti,2,104.84,0.05,199.2,124.27,74.93,0,3
ORD-00728,2025-01-13,Sud,Online,Elettronica,Privati,1,364.12,0.1,327.71,227.54,100.17,1,4
ORD-00729,2025-05-22,Centro,Online,Beauty,Privati,1,31.15,0,31.15,15.3,15.85,0,4
ORD-00730,2025-04-08,Isole,Partner,Moda,Professionisti,2,120.19,0,240.38,136.31,104.07,0,2
ORD-00731,2025-06-27,Nord,Online,Moda,Studenti,2,77.95,0.1,140.31,81.72,58.59,0,4
ORD-00732,2025-04-18,Sud,Online,Sport,Professionisti,2,101.13,0,202.26,124.23,78.03,0,3
ORD-00733,2025-12-24,Sud,Online,Casa,Privati,1,167.94,0,167.94,104.48,63.46,1,5
ORD-00734,2025-06-23,Sud,Online,Casa,Professionisti,2,68.14,0.1,122.65,67.8,54.85,0,2
ORD-00735,2025-03-13,Centro,Partner,Elettronica,Studenti,2,280.78,0.05,533.48,390.85,142.63,0,4
ORD-00736,2025-04-07,Isole,Online,Sport,Studenti,1,53.28,0.15,45.29,28.69,16.6,1,5
ORD-00737,2025-12-19,Centro,Online,Moda,PMI,1,48.45,0,48.45,27.1,21.35,1,5
ORD-00738,2025-03-29,Nord,Partner,Casa,PMI,1,78.58,0.15,66.79,37.15,29.64,0,5
ORD-00739,2025-04-16,Nord,Online,Elettronica,Professionisti,1,279.32,0,279.32,194.95,84.37,0,3
ORD-00740,2025-01-04,Sud,Online,Beauty,Studenti,1,39.3,0.1,35.37,18.82,16.55,0,3
ORD-00741,2025-10-22,Sud,Online,Elettronica,PMI,1,364.14,0,364.14,247.82,116.32,0,4
ORD-00742,2025-04-02,Nord,Store,Beauty,PMI,1,59.2,0.05,56.24,29.27,26.97,1,1
ORD-00743,2025-03-22,Centro,Store,Casa,PMI,2,121.14,0,242.28,150.1,92.18,0,1
ORD-00744,2025-07-08,Sud,Online,Elettronica,Privati,1,154.73,0.1,139.26,90.51,48.75,1,3
ORD-00745,2025-11-24,Nord,Store,Moda,Professionisti,3,73.66,0,220.98,117.25,103.73,0,2
ORD-00746,2025-08-26,Nord,Online,Sport,Privati,4,48.14,0,192.56,126.48,66.08,0,5
ORD-00747,2025-01-10,Centro,Online,Moda,Professionisti,1,93.2,0,93.2,52.24,40.96,0,3
ORD-00748,2025-01-18,Nord,Store,Beauty,Privati,2,55.4,0.15,94.18,49.12,45.06,0,2
ORD-00749,2025-07-19,Nord,Online,Moda,Privati,1,40.59,0,40.59,21.89,18.7,0,5
ORD-00750,2025-01-08,Sud,Online,Casa,Privati,3,131.57,0.15,335.5,189.11,146.39,0,4
ORD-00751,2025-08-01,Centro,Store,Sport,Studenti,2,179.16,0.05,340.4,226.26,114.14,0,1
ORD-00752,2025-03-30,Centro,Store,Elettronica,Privati,1,298.58,0,298.58,210.04,88.54,0,2
ORD-00753,2025-02-04,Sud,Online,Beauty,Studenti,5,71.14,0.1,320.13,155.63,164.5,0,1
ORD-00754,2025-12-23,Sud,Partner,Casa,Privati,1,149.44,0.15,127.02,73.03,53.99,0,3
ORD-00755,2025-09-04,Isole,Online,Elettronica,Privati,2,328.34,0.1,591.01,412.48,178.53,0,4
ORD-00756,2025-03-05,Sud,Store,Casa,Studenti,1,72.43,0,72.43,41.01,31.42,0,3
ORD-00757,2025-11-25,Nord,Partner,Elettronica,PMI,2,214.39,0,428.78,289.03,139.75,0,6
ORD-00758,2025-08-01,Centro,Online,Moda,Professionisti,1,45.13,0.1,40.62,20.99,19.63,0,4
ORD-00759,2025-05-08,Centro,Store,Moda,Professionisti,2,42.41,0.15,72.1,37.02,35.08,0,2
ORD-00760,2025-11-21,Centro,Partner,Beauty,Privati,2,92.05,0,184.1,90.28,93.82,0,5
ORD-00761,2025-08-28,Centro,Store,Casa,Privati,1,59.95,0.05,56.95,35.53,21.42,0,2
ORD-00762,2025-07-04,Nord,Online,Casa,Studenti,2,126.45,0.05,240.25,132.74,107.51,0,3
ORD-00763,2025-02-12,Nord,Partner,Moda,Privati,2,46.82,0.05,88.96,47.55,41.41,0,3
ORD-00764,2025-06-20,Centro,Online,Elettronica,Privati,1,267.02,0.15,226.97,154.13,72.84,0,3
ORD-00765,2025-08-01,Nord,Partner,Beauty,Studenti,2,60.83,0.05,115.58,61.55,54.03,0,6
ORD-00766,2025-03-25,Centro,Online,Elettronica,PMI,2,245.91,0.05,467.23,328.06,139.17,0,6
ORD-00767,2025-01-30,Sud,Partner,Moda,Privati,1,109.07,0.15,92.71,52.16,40.55,1,4
ORD-00768,2025-11-06,Centro,Store,Sport,Studenti,4,193.34,0,773.36,462.79,310.57,0,1
ORD-00769,2025-12-31,Nord,Online,Beauty,PMI,2,32.65,0.05,62.03,30.13,31.9,0,3
ORD-00770,2025-09-30,Centro,Online,Moda,Privati,3,99.5,0,298.5,155.42,143.08,0,3
ORD-00771,2025-06-26,Centro,Online,Moda,Professionisti,2,20.59,0,41.18,23.49,17.69,1,5
ORD-00772,2025-09-26,Nord,Online,Casa,Privati,1,38.81,0.05,36.87,20.82,16.05,0,5
ORD-00773,2025-08-19,Centro,Online,Sport,Professionisti,3,56.66,0.05,161.48,100.85,60.63,0,5
ORD-00774,2025-02-10,Centro,Online,Casa,Privati,2,86.91,0.15,147.75,89.88,57.87,1,5
ORD-00775,2025-05-17,Nord,Online,Moda,PMI,1,84.15,0,84.15,45.39,38.76,0,5
ORD-00776,2025-09-06,Nord,Online,Sport,Privati,3,189.91,0,569.73,378.78,190.95,0,4
ORD-00777,2025-07-13,Sud,Partner,Moda,Professionisti,1,115.5,0.05,109.72,61.87,47.85,0,6
ORD-00778,2025-09-29,Sud,Store,Casa,Privati,2,112.24,0.05,213.26,125.79,87.47,0,2
ORD-00779,2025-01-02,Sud,Partner,Beauty,Privati,1,15.8,0.15,13.43,6.66,6.77,0,4
ORD-00780,2025-11-10,Isole,Online,Moda,PMI,1,108.25,0.15,92.01,53.05,38.96,0,3
ORD-00781,2025-05-31,Sud,Store,Moda,Professionisti,3,108.09,0,324.27,169.26,155.01,0,1
ORD-00782,2025-10-08,Isole,Online,Beauty,PMI,1,56.88,0,56.88,27.8,29.08,0,5
ORD-00783,2025-12-04,Isole,Online,Moda,Privati,4,64.39,0.05,244.68,138.68,106.0,0,4
ORD-00784,2025-12-10,Nord,Online,Elettronica,Professionisti,1,366.49,0,366.49,266.94,99.55,0,5
ORD-00785,2025-11-04,Isole,Online,Elettronica,Professionisti,2,350.63,0.1,631.13,461.62,169.51,0,4
ORD-00786,2025-05-29,Sud,Online,Elettronica,PMI,2,116.84,0,233.68,153.59,80.09,0,5
ORD-00787,2025-07-14,Centro,Online,Sport,Studenti,3,186.68,0,560.04,364.68,195.36,0,4
ORD-00788,2025-12-06,Nord,Online,Moda,Studenti,1,40.36,0,40.36,23.08,17.28,0,4
ORD-00789,2025-08-22,Sud,Online,Elettronica,Professionisti,3,77.19,0,231.57,155.92,75.65,0,6
ORD-00790,2025-12-28,Centro,Store,Sport,Privati,4,40.95,0,163.8,98.49,65.31,0,4
ORD-00791,2025-04-26,Sud,Online,Moda,Privati,1,61.88,0.15,52.6,30.35,22.25,0,5
ORD-00792,2025-08-05,Sud,Partner,Moda,Privati,2,49.7,0.15,84.49,48.82,35.67,0,5
ORD-00793,2025-10-08,Sud,Online,Casa,Studenti,3,138.97,0.15,354.37,203.38,150.99,0,3
ORD-00794,2025-09-05,Centro,Online,Casa,Professionisti,2,21.28,0.15,36.18,22.27,13.91,0,3
ORD-00795,2025-03-17,Sud,Partner,Casa,Privati,1,69.78,0.05,66.29,37.42,28.87,0,6
ORD-00796,2025-10-31,Sud,Online,Sport,Privati,1,90.45,0,90.45,58.29,32.16,0,4
ORD-00797,2025-12-01,Isole,Store,Moda,Professionisti,1,82.52,0.15,70.14,37.86,32.28,0,1
ORD-00798,2025-03-01,Sud,Online,Elettronica,Studenti,1,268.41,0.1,241.57,166.29,75.28,0,4
ORD-00799,2025-02-18,Nord,Online,Moda,Professionisti,1,82.0,0,82.0,43.94,38.06,0,5
ORD-00800,2025-07-27,Nord,Online,Moda,Studenti,3,72.72,0.1,196.34,112.26,84.08,0,3
ORD-00801,2025-11-30,Isole,Store,Elettronica,PMI,1,327.66,0,327.66,211.82,115.84,0,1
ORD-00802,2025-10-22,Nord,Online,Elettronica,Professionisti,1,412.87,0.1,371.58,249.85,121.73,0,4
ORD-00803,2025-03-29,Centro,Partner,Sport,Privati,4,110.71,0,442.84,284.36,158.48,0,3
ORD-00804,2025-09-25,Nord,Partner,Beauty,Studenti,2,67.0,0,134.0,65.72,68.28,0,4
ORD-00805,2025-06-03,Centro,Online,Beauty,Studenti,2,38.53,0.15,65.5,33.76,31.74,0,4
ORD-00806,2025-03-25,Centro,Online,Casa,Privati,2,95.03,0,190.06,113.75,76.31,0,5
ORD-00807,2025-11-21,Nord,Online,Moda,Professionisti,3,101.19,0.05,288.39,164.58,123.81,0,4
ORD-00808,2025-11-06,Nord,Online,Casa,Professionisti,1,78.01,0,78.01,45.12,32.89,0,3
ORD-00809,2025-05-20,Centro,Store,Elettronica,Privati,5,158.28,0,791.4,566.0,225.4,0,1
ORD-00810,2025-10-29,Nord,Online,Moda,Professionisti,3,79.77,0.1,215.38,111.99,103.39,1,3
ORD-00811,2025-06-12,Nord,Online,Beauty,Professionisti,4,61.74,0.1,222.26,118.32,103.94,0,3
ORD-00812,2025-12-18,Centro,Online,Sport,Privati,2,39.79,0.15,67.64,43.32,24.32,0,3
ORD-00813,2025-05-08,Nord,Online,Moda,Privati,1,77.54,0,77.54,41.28,36.26,0,6
ORD-00814,2025-04-28,Isole,Partner,Casa,Privati,1,32.62,0,32.62,18.16,14.46,0,4
ORD-00815,2025-02-17,Sud,Online,Elettronica,Studenti,1,375.4,0.05,356.63,251.73,104.9,0,5
ORD-00816,2025-12-17,Sud,Partner,Beauty,Privati,2,103.37,0.15,175.73,83.56,92.17,0,6
ORD-00817,2025-10-01,Sud,Online,Moda,PMI,3,116.6,0.1,314.82,176.62,138.2,1,3
ORD-00818,2025-09-26,Nord,Online,Beauty,Privati,1,16.23,0.05,15.42,7.7,7.72,0,4
ORD-00819,2025-02-27,Sud,Store,Casa,Professionisti,3,60.61,0.05,172.74,99.0,73.74,0,1
ORD-00820,2025-04-22,Isole,Partner,Beauty,Studenti,3,89.64,0.1,242.03,128.31,113.72,0,3
ORD-00821,2025-01-04,Nord,Online,Moda,Privati,3,38.85,0,116.55,59.86,56.69,0,4
ORD-00822,2025-03-20,Centro,Partner,Casa,Professionisti,1,85.9,0,85.9,49.27,36.63,0,6
ORD-00823,2025-04-04,Isole,Online,Sport,Professionisti,1,48.08,0.15,40.87,25.5,15.37,0,4
ORD-00824,2025-04-08,Nord,Online,Casa,Privati,1,113.27,0.05,107.61,67.08,40.53,0,3
ORD-00825,2025-03-02,Sud,Store,Sport,Professionisti,1,151.12,0.05,143.56,90.36,53.2,0,2
ORD-00826,2025-02-26,Centro,Store,Beauty,Privati,1,68.81,0,68.81,35.72,33.09,0,1
ORD-00827,2025-11-02,Centro,Online,Moda,Studenti,2,53.98,0,107.96,60.91,47.05,0,4
ORD-00828,2025-05-15,Sud,Online,Beauty,Privati,2,87.15,0.15,148.16,77.41,70.75,0,4
ORD-00829,2025-04-07,Nord,Store,Beauty,Privati,1,15.18,0,15.18,8.13,7.05,0,1
ORD-00830,2025-01-27,Sud,Store,Casa,PMI,1,79.65,0,79.65,46.95,32.7,0,1
ORD-00831,2025-06-05,Isole,Online,Elettronica,Professionisti,1,421.04,0,421.04,273.51,147.53,1,4
ORD-00832,2025-08-30,Nord,Store,Casa,Privati,1,66.8,0,66.8,37.29,29.51,1,1
ORD-00833,2025-10-10,Nord,Online,Moda,Professionisti,2,83.96,0.1,151.13,81.47,69.66,0,4
ORD-00834,2025-02-24,Centro,Store,Elettronica,Studenti,4,297.3,0,1189.2,788.5,400.7,0,2
ORD-00835,2025-02-20,Nord,Store,Elettronica,Professionisti,5,136.71,0.15,581.02,383.23,197.79,0,1
ORD-00836,2025-10-14,Nord,Partner,Beauty,Professionisti,4,17.62,0.05,66.96,34.09,32.87,0,5
ORD-00837,2025-01-12,Isole,Online,Elettronica,Privati,4,86.58,0.15,294.37,195.11,99.26,0,2
ORD-00838,2025-09-20,Sud,Online,Beauty,Privati,2,45.27,0,90.54,44.22,46.32,1,4
ORD-00839,2025-10-20,Sud,Store,Elettronica,Professionisti,1,316.25,0.1,284.62,190.38,94.24,0,1
ORD-00840,2025-03-02,Centro,Online,Elettronica,Privati,1,378.68,0,378.68,253.68,125.0,0,5
ORD-00841,2025-11-25,Centro,Partner,Beauty,Privati,2,76.12,0,152.24,75.53,76.71,0,5
ORD-00842,2025-03-10,Centro,Store,Casa,Privati,3,135.35,0,406.05,246.1,159.95,0,1
ORD-00843,2025-05-12,Isole,Store,Beauty,Professionisti,3,22.92,0.15,58.45,30.38,28.07,0,1
ORD-00844,2025-11-06,Centro,Store,Sport,Privati,2,186.77,0.05,354.86,213.46,141.4,0,3
ORD-00845,2025-08-11,Centro,Partner,Casa,Privati,1,140.73,0,140.73,83.59,57.14,0,5
ORD-00846,2025-06-08,Nord,Online,Elettronica,Studenti,1,99.64,0,99.64,68.38,31.26,0,5
ORD-00847,2025-07-26,Sud,Store,Elettronica,Professionisti,2,199.15,0,398.3,261.18,137.12,1,2
ORD-00848,2025-03-09,Centro,Online,Casa,Studenti,1,155.29,0,155.29,91.92,63.37,0,2
ORD-00849,2025-12-29,Sud,Online,Elettronica,PMI,3,205.46,0.05,585.56,386.27,199.29,1,3
ORD-00850,2025-03-05,Nord,Online,Elettronica,Privati,3,212.43,0,637.29,463.08,174.21,1,2
ORD-00851,2025-08-07,Centro,Online,Casa,PMI,2,116.15,0.15,197.46,121.05,76.41,0,4
ORD-00852,2025-02-22,Centro,Online,Beauty,Privati,1,88.75,0,88.75,47.32,41.43,0,4
ORD-00853,2025-04-02,Centro,Online,Sport,Privati,3,138.38,0.1,373.63,244.69,128.94,0,6
ORD-00854,2025-12-05,Isole,Online,Casa,Professionisti,3,165.96,0,497.88,303.53,194.35,0,5
ORD-00855,2025-03-17,Sud,Store,Casa,Studenti,1,100.9,0.15,85.77,49.06,36.71,0,2
ORD-00856,2025-07-17,Nord,Online,Casa,PMI,2,109.12,0,218.24,133.45,84.79,0,4
ORD-00857,2025-05-06,Nord,Store,Casa,Studenti,2,57.44,0,114.88,68.33,46.55,0,1
ORD-00858,2025-04-23,Centro,Online,Moda,PMI,1,80.54,0,80.54,46.52,34.02,1,3
ORD-00859,2025-06-28,Sud,Partner,Casa,Privati,1,150.63,0.1,135.57,84.63,50.94,0,5
ORD-00860,2025-01-29,Sud,Online,Moda,Privati,2,95.97,0.05,182.34,98.3,84.04,0,6
ORD-00861,2025-12-06,Nord,Online,Sport,Privati,1,57.01,0,57.01,33.93,23.08,0,4
ORD-00862,2025-04-04,Nord,Online,Sport,PMI,1,144.22,0.05,137.01,89.33,47.68,0,3
ORD-00863,2025-05-27,Sud,Online,Elettronica,Studenti,1,134.12,0.05,127.41,91.69,35.72,0,5
ORD-00864,2025-05-13,Sud,Online,Beauty,Privati,1,102.05,0.1,91.84,45.88,45.96,0,3
ORD-00865,2025-04-19,Nord,Online,Casa,Professionisti,5,104.71,0,523.55,320.71,202.84,0,3
ORD-00866,2025-07-14,Sud,Store,Elettronica,Privati,1,92.62,0.1,83.36,59.59,23.77,0,3
ORD-00867,2025-05-03,Centro,Store,Casa,Studenti,2,69.6,0.1,125.28,70.93,54.35,0,1
ORD-00868,2025-10-19,Sud,Store,Sport,Privati,1,180.68,0,180.68,120.7,59.98,0,2
ORD-00869,2025-07-23,Nord,Online,Sport,Privati,1,136.32,0,136.32,84.77,51.55,0,5
ORD-00870,2025-03-18,Nord,Store,Elettronica,Professionisti,1,122.23,0.15,103.9,71.37,32.53,0,2
ORD-00871,2025-02-17,Centro,Online,Beauty,Professionisti,1,71.64,0.1,64.48,32.79,31.69,0,2
ORD-00872,2025-06-24,Centro,Online,Sport,Studenti,4,34.76,0.15,118.18,76.98,41.2,0,2
ORD-00873,2025-04-17,Isole,Store,Beauty,Studenti,5,20.08,0,100.4,48.62,51.78,0,1
ORD-00874,2025-02-14,Centro,Online,Sport,Privati,1,120.12,0,120.12,71.61,48.51,0,3
ORD-00875,2025-08-24,Centro,Online,Casa,Professionisti,2,39.66,0,79.32,49.52,29.8,0,3
ORD-00876,2025-07-29,Centro,Partner,Beauty,Privati,3,91.02,0,273.06,131.19,141.87,0,5
ORD-00877,2025-08-19,Sud,Partner,Casa,Studenti,2,123.75,0,247.5,149.43,98.07,0,5
ORD-00878,2025-07-12,Centro,Online,Elettronica,Privati,1,98.19,0.05,93.28,64.12,29.16,0,4
ORD-00879,2025-08-27,Centro,Online,Elettronica,PMI,1,218.76,0.05,207.82,140.29,67.53,0,5
ORD-00880,2025-12-26,Nord,Online,Moda,Studenti,4,40.47,0,161.88,86.68,75.2,1,4
ORD-00881,2025-11-04,Sud,Online,Moda,Professionisti,5,49.45,0,247.25,141.91,105.34,0,3
ORD-00882,2025-11-22,Centro,Online,Elettronica,Privati,3,265.8,0.05,757.53,524.51,233.02,0,3
ORD-00883,2025-05-13,Isole,Online,Elettronica,Privati,4,187.44,0,749.76,507.49,242.27,0,2
ORD-00884,2025-03-24,Isole,Online,Beauty,Studenti,3,58.56,0.1,158.11,77.14,80.97,0,4
ORD-00885,2025-10-24,Isole,Online,Moda,PMI,2,100.51,0,201.02,103.32,97.7,0,5
ORD-00886,2025-06-12,Nord,Partner,Elettronica,Studenti,1,247.44,0,247.44,173.72,73.72,0,4
ORD-00887,2025-10-24,Isole,Online,Elettronica,Privati,2,123.97,0.05,235.54,156.66,78.88,0,4
ORD-00888,2025-01-08,Centro,Online,Casa,Privati,3,37.46,0.05,106.76,64.05,42.71,0,5
ORD-00889,2025-07-30,Nord,Store,Casa,PMI,1,149.69,0.05,142.21,82.95,59.26,0,1
ORD-00890,2025-07-15,Sud,Store,Casa,Studenti,2,151.31,0,302.62,189.46,113.16,0,1
ORD-00891,2025-02-23,Isole,Online,Elettronica,Privati,2,286.46,0.1,515.63,337.64,177.99,0,4
ORD-00892,2025-05-29,Sud,Online,Beauty,Studenti,1,91.38,0,91.38,45.49,45.89,0,4
ORD-00893,2025-08-26,Sud,Store,Casa,Professionisti,1,72.45,0,72.45,42.69,29.76,0,1
ORD-00894,2025-08-01,Isole,Online,Moda,Privati,1,106.54,0.1,95.89,54.71,41.18,0,3
ORD-00895,2025-06-21,Nord,Store,Elettronica,Studenti,1,312.15,0.05,296.54,213.28,83.26,0,1
ORD-00896,2025-11-22,Nord,Store,Casa,Privati,1,61.76,0.15,52.5,32.1,20.4,0,1
ORD-00897,2025-11-20,Sud,Online,Sport,PMI,3,60.47,0,181.41,109.83,71.58,0,2
ORD-00898,2025-10-31,Nord,Store,Elettronica,PMI,2,73.98,0.15,125.77,82.7,43.07,0,2
ORD-00899,2025-11-20,Sud,Online,Moda,Privati,1,132.31,0.15,112.46,63.85,48.61,0,4
ORD-00900,2025-05-21,Centro,Online,Elettronica,PMI,3,114.82,0.1,310.01,203.63,106.38,0,2
ORD-00901,2025-05-15,Nord,Online,Beauty,Privati,3,48.88,0.05,139.31,73.38,65.93,0,2
ORD-00902,2025-04-18,Centro,Online,Moda,PMI,3,38.14,0,114.42,65.96,48.46,0,4
ORD-00903,2025-11-20,Isole,Online,Moda,PMI,1,102.39,0.1,92.15,47.31,44.84,0,4
ORD-00904,2025-11-07,Nord,Online,Elettronica,Privati,3,124.78,0,374.34,242.8,131.54,0,4
ORD-00905,2025-02-12,Centro,Partner,Moda,Studenti,4,57.04,0.1,205.34,114.74,90.6,0,5
ORD-00906,2025-07-24,Centro,Online,Beauty,Professionisti,2,91.84,0,183.68,94.22,89.46,0,3
ORD-00907,2025-06-09,Sud,Online,Elettronica,Privati,1,304.37,0,304.37,218.58,85.79,0,3
ORD-00908,2025-10-18,Sud,Partner,Casa,Privati,3,154.13,0,462.39,275.24,187.15,0,4
ORD-00909,2025-11-27,Nord,Store,Beauty,Privati,3,56.21,0,168.63,84.02,84.61,0,1
ORD-00910,2025-06-10,Centro,Online,Elettronica,Privati,1,382.04,0,382.04,265.77,116.27,0,3
ORD-00911,2025-11-05,Nord,Online,Elettronica,Professionisti,4,414.93,0.15,1410.76,920.68,490.08,0,2
ORD-00912,2025-06-12,Centro,Online,Moda,Studenti,1,53.61,0,53.61,27.97,25.64,0,5
ORD-00913,2025-06-17,Centro,Online,Sport,Privati,3,132.0,0,396.0,262.34,133.66,0,4
ORD-00914,2025-10-01,Sud,Online,Beauty,Privati,1,78.61,0.15,66.82,33.05,33.77,0,3
ORD-00915,2025-06-27,Centro,Store,Casa,Studenti,1,129.25,0.05,122.79,72.22,50.57,0,3
ORD-00916,2025-11-13,Sud,Online,Elettronica,Privati,5,437.54,0.15,1859.55,1272.89,586.66,0,3
ORD-00917,2025-04-08,Sud,Store,Moda,Studenti,1,95.08,0,95.08,50.51,44.57,0,3
ORD-00918,2025-02-08,Sud,Store,Casa,Privati,2,149.48,0.1,269.06,157.6,111.46,0,3
ORD-00919,2025-03-17,Isole,Partner,Moda,Privati,1,31.71,0.1,28.54,15.12,13.42,0,4
ORD-00920,2025-09-05,Centro,Online,Casa,Privati,2,142.2,0.15,241.74,144.99,96.75,0,4
ORD-00921,2025-12-22,Centro,Partner,Elettronica,Privati,1,419.57,0,419.57,289.13,130.44,0,5
ORD-00922,2025-09-21,Centro,Store,Beauty,Privati,1,53.87,0,53.87,26.35,27.52,0,1
ORD-00923,2025-08-20,Sud,Online,Beauty,Privati,1,25.63,0,25.63,13.76,11.87,0,5
ORD-00924,2025-02-24,Isole,Online,Moda,Privati,1,92.13,0.05,87.52,47.06,40.46,0,5
ORD-00925,2025-10-09,Centro,Online,Elettronica,Studenti,2,83.87,0,167.74,113.84,53.9,1,2
ORD-00926,2025-04-10,Nord,Online,Casa,Studenti,1,80.7,0.15,68.59,38.05,30.54,0,5
ORD-00927,2025-02-26,Centro,Online,Elettronica,Privati,1,100.87,0,100.87,73.03,27.84,0,3
ORD-00928,2025-04-23,Centro,Partner,Moda,Privati,3,56.93,0,170.79,96.08,74.71,0,5
ORD-00929,2025-01-02,Sud,Online,Elettronica,Studenti,1,386.87,0,386.87,255.74,131.13,0,4
ORD-00930,2025-08-22,Nord,Online,Elettronica,Privati,1,158.66,0,158.66,104.89,53.77,0,5
ORD-00931,2025-01-05,Nord,Partner,Sport,Studenti,1,43.05,0,43.05,27.32,15.73,0,5
ORD-00932,2025-03-27,Centro,Store,Moda,Professionisti,1,72.95,0,72.95,42.49,30.46,0,1
ORD-00933,2025-09-07,Sud,Online,Casa,Privati,1,92.5,0.15,78.62,48.4,30.22,0,3
ORD-00934,2025-12-18,Centro,Store,Sport,Privati,1,223.05,0,223.05,140.33,82.72,0,1
ORD-00935,2025-12-23,Sud,Online,Beauty,Privati,4,76.72,0,306.88,163.26,143.62,0,5
ORD-00936,2025-09-27,Nord,Partner,Elettronica,Privati,2,400.57,0,801.14,539.44,261.7,1,4
ORD-00937,2025-09-24,Centro,Partner,Moda,Professionisti,2,106.76,0,213.52,113.86,99.66,0,3
ORD-00938,2025-08-27,Centro,Store,Moda,Studenti,1,72.52,0,72.52,41.27,31.25,1,1
ORD-00939,2025-01-21,Centro,Store,Elettronica,Studenti,1,190.05,0,190.05,123.61,66.44,0,3
ORD-00940,2025-09-15,Centro,Store,Moda,Privati,1,129.54,0,129.54,70.38,59.16,0,1
ORD-00941,2025-05-29,Nord,Online,Elettronica,Professionisti,2,236.51,0,473.02,342.91,130.11,0,3
ORD-00942,2025-08-12,Nord,Online,Moda,Professionisti,1,33.2,0.1,29.88,15.75,14.13,0,3
ORD-00943,2025-06-02,Nord,Store,Sport,Privati,3,106.8,0,320.4,202.31,118.09,0,1
ORD-00944,2025-07-03,Nord,Online,Sport,Privati,1,117.22,0.05,111.36,66.38,44.98,0,4
ORD-00945,2025-06-04,Nord,Store,Moda,Studenti,3,127.95,0,383.85,217.27,166.58,0,1
ORD-00946,2025-09-23,Centro,Online,Sport,Professionisti,2,80.02,0,160.04,104.87,55.17,0,4
ORD-00947,2025-12-20,Sud,Online,Casa,Professionisti,2,32.36,0,64.72,38.18,26.54,0,4
ORD-00948,2025-12-12,Nord,Online,Moda,Professionisti,4,127.71,0.1,459.76,258.05,201.71,0,4
ORD-00949,2025-01-01,Nord,Partner,Elettronica,Privati,1,73.75,0.1,66.38,45.49,20.89,1,5
ORD-00950,2025-04-05,Nord,Partner,Moda,Professionisti,2,114.24,0.1,205.63,107.27,98.36,0,5
